userID0,userID1,creationTocreation,creationTocontribution,creationTosharing,contributionTocreation,contributionTocontribution,contributionTosharing,sharingTocreation,sharingTocontribution,sharingTosharing
twitter_-EeSXHn12H8_5E0QJ8g6Eg,twitter_4UYzH2dOA72aY5tEchbGDg,0.0,0.0,0.0,0.0,0.0,0.0,0.0,0.0015619186451658607,0.0
twitter_-EeSXHn12H8_5E0QJ8g6Eg,twitter_DWKVMGIghRWfeKP3ZDuyOg,0.0,0.0,0.0,0.0,0.0,0.0,0.0,0.0,0.0007493311422877014
twitter_-EeSXHn12H8_5E0QJ8g6Eg,twitter_FQcXC4SaV3eoNkIQDprs8Q,0.0,0.0,0.0,0.0,0.0,0.0,0.0,0.0,0.0006568002281710504
twitter_-EeSXHn12H8_5E0QJ8g6Eg,twitter_IdwthJZBvDFusOio9zKh8Q,0.0,0.0,0.0,0.0,0.0,0.0,0.0016400798922404651,0.0,0.0
twitter_-EeSXHn12H8_5E0QJ8g6Eg,twitter_NUKtxXRjdd2KVaOyFea02Q,0.0,0.0,0.0,0.0,0.0,0.0,0.0,0.0009734642226248981,0.0
twitter_-EeSXHn12H8_5E0QJ8g6Eg,twitter_YECpIN6Wf31c9_uuBEfhQA,0.0,0.0,0.0,0.0,0.0,0.0,0.0,0.0,0.0007665602606721222
twitter_-EeSXHn12H8_5E0QJ8g6Eg,twitter_akvJXN2XTN2LgwQ5dyN8-w,0.0,0.0,0.0,0.0,0.0,0.0,0.0,0.0,0.001495933742262423
twitter_-EeSXHn12H8_5E0QJ8g6Eg,twitter_bi-ts9pxCacRWJ5YElmqUQ,0.0,0.0,0.0,0.0,0.0,0.0,0.0008968922775238752,0.0,0.0
twitter_-EeSXHn12H8_5E0QJ8g6Eg,twitter_d0VG42GZkTSx73afRcJvFg,0.0,0.0,0.0,0.0,0.0,0.0,0.0,0.0,0.0003161644854117185
twitter_-EeSXHn12H8_5E0QJ8g6Eg,twitter_mlzZw0iYHR9X3Um-lkfK1A,0.0,0.0,0.0,0.0,0.0,0.0,0.0036461809650063523,0.0,0.0
twitter_-EeSXHn12H8_5E0QJ8g6Eg,twitter_r5eOB-3g_2NwtsiZv-GwFw,0.0,0.0,0.0,0.0,0.0,0.0,0.0010607574367895722,0.0,0.0
twitter_-EeSXHn12H8_5E0QJ8g6Eg,twitter_rD1m5it6FkbNJA3tDtrDGA,0.0,0.0,0.0,0.0,0.0,0.0,0.0006743559497408569,0.0,0.0
twitter_-EeSXHn12H8_5E0QJ8g6Eg,twitter_rYfYC5fVjAXW0tDvNB7t1Q,0.0,0.0,0.0,0.0,0.0,0.0,0.0006006673793308438,0.0,0.0
twitter_-EeSXHn12H8_5E0QJ8g6Eg,twitter_tU6NT22sRhjqJbqHRRqMOg,0.0,0.0,0.0,0.0,0.0,0.0,0.0,0.0,0.0009018886485137043
twitter_-EeSXHn12H8_5E0QJ8g6Eg,twitter_ttV2shkYetHFN2npkvnCEw,0.0,0.0,0.0,0.0,0.0,0.0,0.0,0.0,0.0005717852618545294
twitter_-EeSXHn12H8_5E0QJ8g6Eg,twitter_uBDmalTcYEGIM8Ap0JvXDw,0.0,0.0,0.0,0.0,0.0,0.0,0.0009916727431118488,0.0,0.0
twitter_-EeSXHn12H8_5E0QJ8g6Eg,twitter_xEHHH8r-dicIwU_4t_zlyg,0.0,0.0,0.0,0.0,0.0,0.0,0.002054999815300107,0.0,0.0
twitter_-EeSXHn12H8_5E0QJ8g6Eg,twitter_z66VtwJE13KKmco-W8vsYA,0.0,0.0,0.0,0.0,0.0,0.0,0.0005856262287124991,0.0,0.0
twitter_-EeSXHn12H8_5E0QJ8g6Eg,twitter_zOfdbmzmQ1fYGRWTuAFPZg,0.0,0.0,0.0,0.0,0.0,0.0,0.002731499494984746,0.0,0.0
twitter_0XjcIJUg8yWG8VvKvbCykQ,twitter_4UYzH2dOA72aY5tEchbGDg,0.0,0.0010889475233852863,0.0,0.0,0.0,0.0,0.0,0.0,0.0
twitter_0XjcIJUg8yWG8VvKvbCykQ,twitter_NUKtxXRjdd2KVaOyFea02Q,0.0,0.0014461539685726164,0.0,0.0,0.0,0.0,0.0,0.0,0.0
twitter_0XjcIJUg8yWG8VvKvbCykQ,twitter_mlzZw0iYHR9X3Um-lkfK1A,0.0037093127612024546,0.0,0.0,0.0,0.0,0.0,0.0,0.0,0.0
twitter_0XjcIJUg8yWG8VvKvbCykQ,twitter_ttV2shkYetHFN2npkvnCEw,0.0,0.0,0.0006142150959931314,0.0,0.0,0.0,0.0,0.0,0.0
twitter_0XjcIJUg8yWG8VvKvbCykQ,twitter_xEHHH8r-dicIwU_4t_zlyg,0.0009424500749446453,0.0,0.0,0.0,0.0,0.0,0.0,0.0,0.0
twitter_0XjcIJUg8yWG8VvKvbCykQ,twitter_zOfdbmzmQ1fYGRWTuAFPZg,0.0003971956321038306,0.0,0.0,0.0,0.0,0.0,0.0,0.0,0.0
twitter_1uXBmdhAsK_CFyKul0-uMQ,twitter_7qJmYk_w55tVVV6A8p5AKA,0.0,0.0,0.0,0.0,0.0,0.0,0.0001983402762562036,0.0,0.0
twitter_1uXBmdhAsK_CFyKul0-uMQ,twitter_rYfYC5fVjAXW0tDvNB7t1Q,0.0,0.0,0.0,0.0,0.0,0.0,0.0005953953368589282,0.0,0.0
twitter_1uXBmdhAsK_CFyKul0-uMQ,twitter_ttV2shkYetHFN2npkvnCEw,0.0,0.0,0.0,0.0,0.0,0.0,0.0,0.0,0.0004223654977977277
twitter_3uuMoaXNggan6Y9cm5inyQ,twitter_619WoIoR1Ab6kIiftv0n-g,0.0006581055349670353,0.0,0.0,0.0,0.0,0.0,0.0,0.0,0.0
twitter_3uuMoaXNggan6Y9cm5inyQ,twitter_DWKVMGIghRWfeKP3ZDuyOg,0.0,0.0,0.0005221186438575387,0.0,0.0,0.0,0.0,0.0,0.0
twitter_3uuMoaXNggan6Y9cm5inyQ,twitter_FQcXC4SaV3eoNkIQDprs8Q,0.0,0.0,0.00047651008935645217,0.0,0.0,0.0,0.0,0.0,0.0
twitter_3uuMoaXNggan6Y9cm5inyQ,twitter_GwskN-wt5eMNE1BMdHx9hg,0.0,0.0,0.0015937892021611333,0.0,0.0,0.0,0.0,0.0,0.0
twitter_3uuMoaXNggan6Y9cm5inyQ,twitter_IdwthJZBvDFusOio9zKh8Q,0.0015373150818049908,0.0,0.0,0.0,0.0,0.0,0.0,0.0,0.0
twitter_3uuMoaXNggan6Y9cm5inyQ,twitter_LuBE7N244AUZQl3SJCAnQw,0.0,0.0,0.001442444627173245,0.0,0.0,0.0,0.0,0.0,0.0
twitter_3uuMoaXNggan6Y9cm5inyQ,twitter_NUKtxXRjdd2KVaOyFea02Q,0.0,0.00022453536803368482,0.0,0.0,0.0,0.0,0.0,0.0,0.0
twitter_3uuMoaXNggan6Y9cm5inyQ,twitter_YECpIN6Wf31c9_uuBEfhQA,0.0,0.0,0.0001966406562132761,0.0,0.0,0.0,0.0,0.0,0.0
twitter_3uuMoaXNggan6Y9cm5inyQ,twitter_kL_r2cBb6xQLM7e0pM48dg,0.0,0.0,0.0019286083988845348,0.0,0.0,0.0,0.0,0.0,0.0
twitter_3uuMoaXNggan6Y9cm5inyQ,twitter_lKCLHQDoqH5eOYUm8ZbH-Q,0.002526680706068873,0.0,0.0,0.0,0.0,0.0,0.0,0.0,0.0
twitter_3uuMoaXNggan6Y9cm5inyQ,twitter_mlzZw0iYHR9X3Um-lkfK1A,0.003601868404075503,0.0,0.0,0.0,0.0,0.0,0.0,0.0,0.0
twitter_3uuMoaXNggan6Y9cm5inyQ,twitter_rYfYC5fVjAXW0tDvNB7t1Q,0.011915010400116444,0.0,0.0,0.0,0.0,0.0,0.0,0.0,0.0
twitter_3uuMoaXNggan6Y9cm5inyQ,twitter_re6YNIMX-kH8x7jFv0coeA,0.003819344798102975,0.0,0.0,0.0,0.0,0.0,0.0,0.0,0.0
twitter_3uuMoaXNggan6Y9cm5inyQ,twitter_tU6NT22sRhjqJbqHRRqMOg,0.0,0.0,0.0003638698253780603,0.0,0.0,0.0,0.0,0.0,0.0
twitter_3uuMoaXNggan6Y9cm5inyQ,twitter_ttV2shkYetHFN2npkvnCEw,0.0,0.0,0.0017811080906540155,0.0,0.0,0.0,0.0,0.0,0.0
twitter_3uuMoaXNggan6Y9cm5inyQ,twitter_xEHHH8r-dicIwU_4t_zlyg,0.0002251382975373417,0.0,0.0,0.0,0.0,0.0,0.0,0.0,0.0
twitter_3uuMoaXNggan6Y9cm5inyQ,twitter_zOfdbmzmQ1fYGRWTuAFPZg,0.0003526622022036463,0.0,0.0,0.0,0.0,0.0,0.0,0.0,0.0
twitter_4RWgO_8uaG8cI3d9P7GiAw,twitter_FQcXC4SaV3eoNkIQDprs8Q,0.0,0.0,0.0,0.0,0.0,0.0,0.0,0.0,0.0004878081672359258
twitter_4UYzH2dOA72aY5tEchbGDg,twitter_-EeSXHn12H8_5E0QJ8g6Eg,0.0,0.0,0.0,0.0,0.0,0.0014657096471637487,0.0,0.0,0.0
twitter_4UYzH2dOA72aY5tEchbGDg,twitter_7qJmYk_w55tVVV6A8p5AKA,0.0,0.0,0.0,0.0009075687848962843,0.0,0.0,0.0,0.0,0.0
twitter_4UYzH2dOA72aY5tEchbGDg,twitter_DWKVMGIghRWfeKP3ZDuyOg,0.0,0.0,0.0,0.0,0.0,0.0004146856663282961,0.0,0.0,0.0
twitter_4UYzH2dOA72aY5tEchbGDg,twitter_FQcXC4SaV3eoNkIQDprs8Q,0.0,0.0,0.0,0.0,0.0,0.0017936701187863946,0.0,0.0,0.0
twitter_4UYzH2dOA72aY5tEchbGDg,twitter_GwskN-wt5eMNE1BMdHx9hg,0.0,0.0,0.0,0.0,0.0,0.0008993670926429332,0.0,0.0,0.0
twitter_4UYzH2dOA72aY5tEchbGDg,twitter_IdwthJZBvDFusOio9zKh8Q,0.0,0.0,0.0,0.0012360234977677464,0.0,0.0,0.0,0.0,0.0
twitter_4UYzH2dOA72aY5tEchbGDg,twitter_NUKtxXRjdd2KVaOyFea02Q,0.0,0.0,0.0,0.0,0.0014347454998642204,0.0,0.0,0.0,0.0
twitter_4UYzH2dOA72aY5tEchbGDg,twitter_YECpIN6Wf31c9_uuBEfhQA,0.0,0.0,0.0,0.0,0.0,0.000679321528878063,0.0,0.0,0.0
twitter_4UYzH2dOA72aY5tEchbGDg,twitter__po5lpcKcy8o93rWNj20qQ,0.0,0.0,0.0,0.0,0.0,0.0018566237995401023,0.0,0.0,0.0
twitter_4UYzH2dOA72aY5tEchbGDg,twitter_bi-ts9pxCacRWJ5YElmqUQ,0.0,0.0,0.0,0.003040838288143277,0.0,0.0,0.0,0.0,0.0
twitter_4UYzH2dOA72aY5tEchbGDg,twitter_d0VG42GZkTSx73afRcJvFg,0.0,0.0,0.0,0.0,0.0,0.0039588473737239855,0.0,0.0,0.0
twitter_4UYzH2dOA72aY5tEchbGDg,twitter_lKCLHQDoqH5eOYUm8ZbH-Q,0.0,0.0,0.0,0.0016516151372343302,0.0,0.0,0.0,0.0,0.0
twitter_4UYzH2dOA72aY5tEchbGDg,twitter_mlzZw0iYHR9X3Um-lkfK1A,0.0,0.0,0.0,0.00580443162471056,0.0,0.0,0.0,0.0,0.0
twitter_4UYzH2dOA72aY5tEchbGDg,twitter_r5eOB-3g_2NwtsiZv-GwFw,0.0,0.0,0.0,0.0014589750207960606,0.0,0.0,0.0,0.0,0.0
twitter_4UYzH2dOA72aY5tEchbGDg,twitter_rYfYC5fVjAXW0tDvNB7t1Q,0.0,0.0,0.0,0.0016770522342994813,0.0,0.0,0.0,0.0,0.0
twitter_4UYzH2dOA72aY5tEchbGDg,twitter_tU6NT22sRhjqJbqHRRqMOg,0.0,0.0,0.0,0.0,0.0,0.0026001024525612593,0.0,0.0,0.0
twitter_4UYzH2dOA72aY5tEchbGDg,twitter_ttV2shkYetHFN2npkvnCEw,0.0,0.0,0.0,0.0,0.0,0.002409273060038686,0.0,0.0,0.0
twitter_4UYzH2dOA72aY5tEchbGDg,twitter_uBDmalTcYEGIM8Ap0JvXDw,0.0,0.0,0.0,0.0014170813374221325,0.0,0.0,0.0,0.0,0.0
twitter_4UYzH2dOA72aY5tEchbGDg,twitter_xEHHH8r-dicIwU_4t_zlyg,0.0,0.0,0.0,0.0012910377699881792,0.0,0.0,0.0,0.0,0.0
twitter_4UYzH2dOA72aY5tEchbGDg,twitter_z66VtwJE13KKmco-W8vsYA,0.0,0.0,0.0,0.003758895443752408,0.0,0.0,0.0,0.0,0.0
twitter_4UYzH2dOA72aY5tEchbGDg,twitter_zOfdbmzmQ1fYGRWTuAFPZg,0.0,0.0,0.0,0.00028973288135603065,0.0,0.0,0.0,0.0,0.0
twitter_52athsSXGdKVvDR6yRsz4w,twitter_IdwthJZBvDFusOio9zKh8Q,0.0,0.0,0.0,0.0,0.0,0.0,0.000746706675272435,0.0,0.0
twitter_52athsSXGdKVvDR6yRsz4w,twitter_tU6NT22sRhjqJbqHRRqMOg,0.0,0.0,0.0,0.0,0.0,0.0,0.0,0.0,0.0011538511607795956
twitter_52athsSXGdKVvDR6yRsz4w,twitter_xEHHH8r-dicIwU_4t_zlyg,0.0,0.0,0.0,0.0,0.0,0.0,0.00019319333659950644,0.0,0.0
twitter_52athsSXGdKVvDR6yRsz4w,twitter_z66VtwJE13KKmco-W8vsYA,0.0,0.0,0.0,0.0,0.0,0.0,0.0005225230706855656,0.0,0.0
twitter_52athsSXGdKVvDR6yRsz4w,twitter_zOfdbmzmQ1fYGRWTuAFPZg,0.0,0.0,0.0,0.0,0.0,0.0,0.00017395256145391608,0.0,0.0
twitter_619WoIoR1Ab6kIiftv0n-g,twitter_IdwthJZBvDFusOio9zKh8Q,0.00015119393356144428,0.0,0.0,0.0,0.0,0.0,0.0,0.0,0.0
twitter_619WoIoR1Ab6kIiftv0n-g,twitter_mlzZw0iYHR9X3Um-lkfK1A,0.0035702169407159094,0.0,0.0,0.0,0.0,0.0,0.0,0.0,0.0
twitter_619WoIoR1Ab6kIiftv0n-g,twitter_rYfYC5fVjAXW0tDvNB7t1Q,0.0007313492824323473,0.0,0.0,0.0,0.0,0.0,0.0,0.0,0.0
twitter_619WoIoR1Ab6kIiftv0n-g,twitter_tU6NT22sRhjqJbqHRRqMOg,0.0,0.0,0.0005421671085059644,0.0,0.0,0.0,0.0,0.0,0.0
twitter_619WoIoR1Ab6kIiftv0n-g,twitter_xEHHH8r-dicIwU_4t_zlyg,0.0006192324217408893,0.0,0.0,0.0,0.0,0.0,0.0,0.0,0.0
twitter_619WoIoR1Ab6kIiftv0n-g,twitter_zOfdbmzmQ1fYGRWTuAFPZg,0.0003166844544466585,0.0,0.0,0.0,0.0,0.0,0.0,0.0,0.0
twitter_6MgSSc8aryYcUlL1xp1DZA,twitter_IdwthJZBvDFusOio9zKh8Q,0.0,0.0,0.0,0.0,0.0,0.0,0.00022128963610157368,0.0,0.0
twitter_6MgSSc8aryYcUlL1xp1DZA,twitter_mlzZw0iYHR9X3Um-lkfK1A,0.0,0.0,0.0,0.0,0.0,0.0,0.00402284786105156,0.0,0.0
twitter_7e8lfd-hCI-syFjwbdp_jA,twitter_dkmbuDByuv1PyA5ZXoDmRQ,0.0,0.0,0.0,0.0,0.0,0.0,0.000723484146874398,0.0,0.0
twitter_7e8lfd-hCI-syFjwbdp_jA,twitter_tU6NT22sRhjqJbqHRRqMOg,0.0,0.0,0.0,0.0,0.0,0.0,0.0,0.0,0.0002050220355158672
twitter_7e8lfd-hCI-syFjwbdp_jA,twitter_zOfdbmzmQ1fYGRWTuAFPZg,0.0,0.0,0.0,0.0,0.0,0.0,0.00017023365944623947,0.0,0.0
twitter_7qJmYk_w55tVVV6A8p5AKA,twitter_4UYzH2dOA72aY5tEchbGDg,0.0,0.001064896467141807,0.0,0.0,0.0,0.0,0.0,0.0,0.0
twitter_7qJmYk_w55tVVV6A8p5AKA,twitter_DWKVMGIghRWfeKP3ZDuyOg,0.0,0.0,0.0013155164197087288,0.0,0.0,0.0,0.0,0.0,0.0
twitter_7qJmYk_w55tVVV6A8p5AKA,twitter_FQcXC4SaV3eoNkIQDprs8Q,0.0,0.0,0.00038682363810949033,0.0,0.0,0.0,0.0,0.0,0.0
twitter_7qJmYk_w55tVVV6A8p5AKA,twitter_GwskN-wt5eMNE1BMdHx9hg,0.0,0.0,0.0014119533589109778,0.0,0.0,0.0,0.0,0.0,0.0
twitter_7qJmYk_w55tVVV6A8p5AKA,twitter_IdwthJZBvDFusOio9zKh8Q,0.0015662682708352804,0.0,0.0,0.0,0.0,0.0,0.0,0.0,0.0
twitter_7qJmYk_w55tVVV6A8p5AKA,twitter_NUKtxXRjdd2KVaOyFea02Q,0.0,0.0012921346351504324,0.0,0.0,0.0,0.0,0.0,0.0,0.0
twitter_7qJmYk_w55tVVV6A8p5AKA,twitter_VSExh2FydKVBZI2r3J2eLA,0.0004754099063575268,0.0,0.0,0.0,0.0,0.0,0.0,0.0,0.0
twitter_7qJmYk_w55tVVV6A8p5AKA,twitter_akvJXN2XTN2LgwQ5dyN8-w,0.0,0.0,0.0014398905914276838,0.0,0.0,0.0,0.0,0.0,0.0
twitter_7qJmYk_w55tVVV6A8p5AKA,twitter_bi-ts9pxCacRWJ5YElmqUQ,0.0004333729448262602,0.0,0.0,0.0,0.0,0.0,0.0,0.0,0.0
twitter_7qJmYk_w55tVVV6A8p5AKA,twitter_iyQXWov9DI8vrzm_Mf84NA,0.0006239889771677554,0.0,0.0,0.0,0.0,0.0,0.0,0.0,0.0
twitter_7qJmYk_w55tVVV6A8p5AKA,twitter_lKCLHQDoqH5eOYUm8ZbH-Q,0.001042791293002665,0.0,0.0,0.0,0.0,0.0,0.0,0.0,0.0
twitter_7qJmYk_w55tVVV6A8p5AKA,twitter_mlzZw0iYHR9X3Um-lkfK1A,0.0039532375521957866,0.0,0.0,0.0,0.0,0.0,0.0,0.0,0.0
twitter_7qJmYk_w55tVVV6A8p5AKA,twitter_rD1m5it6FkbNJA3tDtrDGA,0.00093392888084054,0.0,0.0,0.0,0.0,0.0,0.0,0.0,0.0
twitter_7qJmYk_w55tVVV6A8p5AKA,twitter_rYfYC5fVjAXW0tDvNB7t1Q,0.004205197095870972,0.0,0.0,0.0,0.0,0.0,0.0,0.0,0.0
twitter_7qJmYk_w55tVVV6A8p5AKA,twitter_tU6NT22sRhjqJbqHRRqMOg,0.0,0.0,0.002515509258955717,0.0,0.0,0.0,0.0,0.0,0.0
twitter_7qJmYk_w55tVVV6A8p5AKA,twitter_ttV2shkYetHFN2npkvnCEw,0.0,0.0,0.0036299191415309906,0.0,0.0,0.0,0.0,0.0,0.0
twitter_7qJmYk_w55tVVV6A8p5AKA,twitter_xEHHH8r-dicIwU_4t_zlyg,0.0010442993370816114,0.0,0.0,0.0,0.0,0.0,0.0,0.0,0.0
twitter_7qJmYk_w55tVVV6A8p5AKA,twitter_z66VtwJE13KKmco-W8vsYA,0.0015554832061752675,0.0,0.0,0.0,0.0,0.0,0.0,0.0,0.0
twitter_7qJmYk_w55tVVV6A8p5AKA,twitter_zOfdbmzmQ1fYGRWTuAFPZg,0.0011609878856688738,0.0,0.0,0.0,0.0,0.0,0.0,0.0,0.0
twitter_BMSE5WcSXcgIT8OX4feO6w,twitter_4UYzH2dOA72aY5tEchbGDg,0.0,0.0004925585235469043,0.0,0.0,0.0,0.0,0.0,0.0,0.0
twitter_BMSE5WcSXcgIT8OX4feO6w,twitter_NUKtxXRjdd2KVaOyFea02Q,0.0,0.00048494673683308076,0.0,0.0,0.0,0.0,0.0,0.0,0.0
twitter_BMSE5WcSXcgIT8OX4feO6w,twitter_xEHHH8r-dicIwU_4t_zlyg,0.0003456436679698527,0.0,0.0,0.0,0.0,0.0,0.0,0.0,0.0
twitter_C1w984itwCAAX6P_--85wA,twitter_7qJmYk_w55tVVV6A8p5AKA,0.00035534749622456735,0.0,0.0,0.0,0.0,0.0,0.0,0.0,0.0
twitter_C1w984itwCAAX6P_--85wA,twitter_IdwthJZBvDFusOio9zKh8Q,0.0004917920450679958,0.0,0.0,0.0,0.0,0.0,0.0,0.0,0.0
twitter_C1w984itwCAAX6P_--85wA,twitter_mlzZw0iYHR9X3Um-lkfK1A,0.0036972602829337116,0.0,0.0,0.0,0.0,0.0,0.0,0.0,0.0
twitter_C1w984itwCAAX6P_--85wA,twitter_rYfYC5fVjAXW0tDvNB7t1Q,0.0008428125875070691,0.0,0.0,0.0,0.0,0.0,0.0,0.0,0.0
twitter_C1w984itwCAAX6P_--85wA,twitter_ttV2shkYetHFN2npkvnCEw,0.0,0.0,0.00029295502463355666,0.0,0.0,0.0,0.0,0.0,0.0
twitter_C1w984itwCAAX6P_--85wA,twitter_z66VtwJE13KKmco-W8vsYA,0.00048807269195094715,0.0,0.0,0.0,0.0,0.0,0.0,0.0,0.0
twitter_DWKVMGIghRWfeKP3ZDuyOg,twitter_4UYzH2dOA72aY5tEchbGDg,0.0,0.0,0.0,0.0,0.0,0.0,0.0,0.002705408725887537,0.0
twitter_DWKVMGIghRWfeKP3ZDuyOg,twitter_FQcXC4SaV3eoNkIQDprs8Q,0.0,0.0,0.0,0.0,0.0,0.0,0.0,0.0,0.00076550233643502
twitter_DWKVMGIghRWfeKP3ZDuyOg,twitter_NUKtxXRjdd2KVaOyFea02Q,0.0,0.0,0.0,0.0,0.0,0.0,0.0,0.002392705297097564,0.0
twitter_DWKVMGIghRWfeKP3ZDuyOg,twitter_YECpIN6Wf31c9_uuBEfhQA,0.0,0.0,0.0,0.0,0.0,0.0,0.0,0.0,0.0013319490244612098
twitter_DWKVMGIghRWfeKP3ZDuyOg,twitter_lKCLHQDoqH5eOYUm8ZbH-Q,0.0,0.0,0.0,0.0,0.0,0.0,0.0006604796508327128,0.0,0.0
twitter_DWKVMGIghRWfeKP3ZDuyOg,twitter_mlzZw0iYHR9X3Um-lkfK1A,0.0,0.0,0.0,0.0,0.0,0.0,0.0041587078012526035,0.0,0.0
twitter_DWKVMGIghRWfeKP3ZDuyOg,twitter_rYfYC5fVjAXW0tDvNB7t1Q,0.0,0.0,0.0,0.0,0.0,0.0,0.0008503229473717513,0.0,0.0
twitter_DWKVMGIghRWfeKP3ZDuyOg,twitter_tU6NT22sRhjqJbqHRRqMOg,0.0,0.0,0.0,0.0,0.0,0.0,0.0,0.0,0.0008560084970667957
twitter_DWKVMGIghRWfeKP3ZDuyOg,twitter_xEHHH8r-dicIwU_4t_zlyg,0.0,0.0,0.0,0.0,0.0,0.0,0.0018433926161378624,0.0,0.0
twitter_DWKVMGIghRWfeKP3ZDuyOg,twitter_zOfdbmzmQ1fYGRWTuAFPZg,0.0,0.0,0.0,0.0,0.0,0.0,0.0015092327957972884,0.0,0.0
twitter_E3odIwlScc4ot3BsQiXetQ,twitter_zOfdbmzmQ1fYGRWTuAFPZg,0.0,0.0,0.0,0.0,0.0,0.0,0.000279186002444476,0.0,0.0
twitter_E7y3xcAAoLw6Dxi828xOkg,twitter_tU6NT22sRhjqJbqHRRqMOg,0.0,0.0,0.0003801469865720719,0.0,0.0,0.0,0.0,0.0,0.0
twitter_E7y3xcAAoLw6Dxi828xOkg,twitter_xEHHH8r-dicIwU_4t_zlyg,0.0005230688257142901,0.0,0.0,0.0,0.0,0.0,0.0,0.0,0.0
twitter_E7y3xcAAoLw6Dxi828xOkg,twitter_zOfdbmzmQ1fYGRWTuAFPZg,0.0005197335849516094,0.0,0.0,0.0,0.0,0.0,0.0,0.0,0.0
twitter_FQcXC4SaV3eoNkIQDprs8Q,twitter_-EeSXHn12H8_5E0QJ8g6Eg,0.0,0.0,0.0,0.0,0.0,0.0,0.0,0.0,0.0011671563843265176
twitter_FQcXC4SaV3eoNkIQDprs8Q,twitter_4UYzH2dOA72aY5tEchbGDg,0.0,0.0,0.0,0.0,0.0,0.0,0.0,0.0011070130858570335,0.0
twitter_FQcXC4SaV3eoNkIQDprs8Q,twitter_DWKVMGIghRWfeKP3ZDuyOg,0.0,0.0,0.0,0.0,0.0,0.0,0.0,0.0,0.00037603787495754665
twitter_FQcXC4SaV3eoNkIQDprs8Q,twitter_GwskN-wt5eMNE1BMdHx9hg,0.0,0.0,0.0,0.0,0.0,0.0,0.0,0.0,0.0018699589418247344
twitter_FQcXC4SaV3eoNkIQDprs8Q,twitter_IdwthJZBvDFusOio9zKh8Q,0.0,0.0,0.0,0.0,0.0,0.0,0.001752707059495151,0.0,0.0
twitter_FQcXC4SaV3eoNkIQDprs8Q,twitter_NUKtxXRjdd2KVaOyFea02Q,0.0,0.0,0.0,0.0,0.0,0.0,0.0,0.001042970921844244,0.0
twitter_FQcXC4SaV3eoNkIQDprs8Q,twitter_akvJXN2XTN2LgwQ5dyN8-w,0.0,0.0,0.0,0.0,0.0,0.0,0.0,0.0,0.0013581458479166027
twitter_FQcXC4SaV3eoNkIQDprs8Q,twitter_bi-ts9pxCacRWJ5YElmqUQ,0.0,0.0,0.0,0.0,0.0,0.0,0.0008125756285153329,0.0,0.0
twitter_FQcXC4SaV3eoNkIQDprs8Q,twitter_d0VG42GZkTSx73afRcJvFg,0.0,0.0,0.0,0.0,0.0,0.0,0.0,0.0,0.0009909477084875107
twitter_FQcXC4SaV3eoNkIQDprs8Q,twitter_mlzZw0iYHR9X3Um-lkfK1A,0.0,0.0,0.0,0.0,0.0,0.0,0.004284034017473459,0.0,0.0
twitter_FQcXC4SaV3eoNkIQDprs8Q,twitter_rYfYC5fVjAXW0tDvNB7t1Q,0.0,0.0,0.0,0.0,0.0,0.0,0.0022148580756038427,0.0,0.0
twitter_FQcXC4SaV3eoNkIQDprs8Q,twitter_tU6NT22sRhjqJbqHRRqMOg,0.0,0.0,0.0,0.0,0.0,0.0,0.0,0.0,0.001077110879123211
twitter_FQcXC4SaV3eoNkIQDprs8Q,twitter_ttV2shkYetHFN2npkvnCEw,0.0,0.0,0.0,0.0,0.0,0.0,0.0,0.0,0.0007493572193197906
twitter_FQcXC4SaV3eoNkIQDprs8Q,twitter_xEHHH8r-dicIwU_4t_zlyg,0.0,0.0,0.0,0.0,0.0,0.0,0.0016765567706897855,0.0,0.0
twitter_FQcXC4SaV3eoNkIQDprs8Q,twitter_z66VtwJE13KKmco-W8vsYA,0.0,0.0,0.0,0.0,0.0,0.0,0.0017203801544383168,0.0,0.0
twitter_FQcXC4SaV3eoNkIQDprs8Q,twitter_zOfdbmzmQ1fYGRWTuAFPZg,0.0,0.0,0.0,0.0,0.0,0.0,0.0014567000325769186,0.0,0.0
twitter_GM33ITi-7jfnbMj_geUbnw,twitter_DWKVMGIghRWfeKP3ZDuyOg,0.0,0.0,0.0,0.0,0.0,0.0,0.0,0.0,0.0004176623478997499
twitter_GM33ITi-7jfnbMj_geUbnw,twitter_GwskN-wt5eMNE1BMdHx9hg,0.0,0.0,0.0,0.0,0.0,0.0,0.0,0.0,0.0003195321769453585
twitter_GM33ITi-7jfnbMj_geUbnw,twitter_mlzZw0iYHR9X3Um-lkfK1A,0.0,0.0,0.0,0.0,0.0,0.0,0.0038264458999037743,0.0,0.0
twitter_GM33ITi-7jfnbMj_geUbnw,twitter_rYfYC5fVjAXW0tDvNB7t1Q,0.0,0.0,0.0,0.0,0.0,0.0,0.00039391889004036784,0.0,0.0
twitter_GM33ITi-7jfnbMj_geUbnw,twitter_tU6NT22sRhjqJbqHRRqMOg,0.0,0.0,0.0,0.0,0.0,0.0,0.0,0.0,0.00045369306462816894
twitter_GM33ITi-7jfnbMj_geUbnw,twitter_ttV2shkYetHFN2npkvnCEw,0.0,0.0,0.0,0.0,0.0,0.0,0.0,0.0,0.0001747658243402839
twitter_GwskN-wt5eMNE1BMdHx9hg,twitter_4UYzH2dOA72aY5tEchbGDg,0.0,0.0,0.0,0.0,0.0,0.0,0.0,0.0006686276174150407,0.0
twitter_GwskN-wt5eMNE1BMdHx9hg,twitter_FQcXC4SaV3eoNkIQDprs8Q,0.0,0.0,0.0,0.0,0.0,0.0,0.0,0.0,0.0008076193043962121
twitter_GwskN-wt5eMNE1BMdHx9hg,twitter_IdwthJZBvDFusOio9zKh8Q,0.0,0.0,0.0,0.0,0.0,0.0,0.0008506516460329294,0.0,0.0
twitter_GwskN-wt5eMNE1BMdHx9hg,twitter_NUKtxXRjdd2KVaOyFea02Q,0.0,0.0,0.0,0.0,0.0,0.0,0.0,0.0005850903689861298,0.0
twitter_GwskN-wt5eMNE1BMdHx9hg,twitter_Nemnkekd9zMvvZoZuJYY2g,0.0,0.0,0.0,0.0,0.0,0.0,0.0,0.0,0.0003765515284612775
twitter_GwskN-wt5eMNE1BMdHx9hg,twitter_akvJXN2XTN2LgwQ5dyN8-w,0.0,0.0,0.0,0.0,0.0,0.0,0.0,0.0,0.00030213865102268755
twitter_GwskN-wt5eMNE1BMdHx9hg,twitter_bi-ts9pxCacRWJ5YElmqUQ,0.0,0.0,0.0,0.0,0.0,0.0,0.0006217712652869523,0.0,0.0
twitter_GwskN-wt5eMNE1BMdHx9hg,twitter_dkmbuDByuv1PyA5ZXoDmRQ,0.0,0.0,0.0,0.0,0.0,0.0,0.002071857452392578,0.0,0.0
twitter_GwskN-wt5eMNE1BMdHx9hg,twitter_iyQXWov9DI8vrzm_Mf84NA,0.0,0.0,0.0,0.0,0.0,0.0,0.0007996559143066406,0.0,0.0
twitter_GwskN-wt5eMNE1BMdHx9hg,twitter_lKCLHQDoqH5eOYUm8ZbH-Q,0.0,0.0,0.0,0.0,0.0,0.0,0.0007299292483367026,0.0,0.0
twitter_GwskN-wt5eMNE1BMdHx9hg,twitter_mlzZw0iYHR9X3Um-lkfK1A,0.0,0.0,0.0,0.0,0.0,0.0,0.004633347503840922,0.0,0.0
twitter_GwskN-wt5eMNE1BMdHx9hg,twitter_rYfYC5fVjAXW0tDvNB7t1Q,0.0,0.0,0.0,0.0,0.0,0.0,0.0005220639868639411,0.0,0.0
twitter_GwskN-wt5eMNE1BMdHx9hg,twitter_tU6NT22sRhjqJbqHRRqMOg,0.0,0.0,0.0,0.0,0.0,0.0,0.0,0.0,0.001051624189130962
twitter_GwskN-wt5eMNE1BMdHx9hg,twitter_ttV2shkYetHFN2npkvnCEw,0.0,0.0,0.0,0.0,0.0,0.0,0.0,0.0,0.0009508457733318213
twitter_GwskN-wt5eMNE1BMdHx9hg,twitter_xEHHH8r-dicIwU_4t_zlyg,0.0,0.0,0.0,0.0,0.0,0.0,0.0011510909534990788,0.0,0.0
twitter_GwskN-wt5eMNE1BMdHx9hg,twitter_z66VtwJE13KKmco-W8vsYA,0.0,0.0,0.0,0.0,0.0,0.0,0.0015414009103551507,0.0,0.0
twitter_GwskN-wt5eMNE1BMdHx9hg,twitter_zOfdbmzmQ1fYGRWTuAFPZg,0.0,0.0,0.0,0.0,0.0,0.0,0.0009991874685510993,0.0,0.0
twitter_HPJy-Nvx24LMjbxw59zaIg,twitter_zOfdbmzmQ1fYGRWTuAFPZg,6.162667705211788e-05,0.0,0.0,0.0,0.0,0.0,0.0,0.0,0.0
twitter_IdwthJZBvDFusOio9zKh8Q,twitter_-EeSXHn12H8_5E0QJ8g6Eg,0.0,0.0,0.0021237961482256647,0.0,0.0,0.0,0.0,0.0,0.0
twitter_IdwthJZBvDFusOio9zKh8Q,twitter_4UYzH2dOA72aY5tEchbGDg,0.0,0.003638765541836619,0.0,0.0,0.0,0.0,0.0,0.0,0.0
twitter_IdwthJZBvDFusOio9zKh8Q,twitter_7qJmYk_w55tVVV6A8p5AKA,0.002381842117756605,0.0,0.0,0.0,0.0,0.0,0.0,0.0,0.0
twitter_IdwthJZBvDFusOio9zKh8Q,twitter_DWKVMGIghRWfeKP3ZDuyOg,0.0,0.0,0.0004577902145683765,0.0,0.0,0.0,0.0,0.0,0.0
twitter_IdwthJZBvDFusOio9zKh8Q,twitter_FQcXC4SaV3eoNkIQDprs8Q,0.0,0.0,0.00109730230178684,0.0,0.0,0.0,0.0,0.0,0.0
twitter_IdwthJZBvDFusOio9zKh8Q,twitter_GwskN-wt5eMNE1BMdHx9hg,0.0,0.0,0.0004951553419232368,0.0,0.0,0.0,0.0,0.0,0.0
twitter_IdwthJZBvDFusOio9zKh8Q,twitter_LuBE7N244AUZQl3SJCAnQw,0.0,0.0,0.0011466352734714744,0.0,0.0,0.0,0.0,0.0,0.0
twitter_IdwthJZBvDFusOio9zKh8Q,twitter_NUKtxXRjdd2KVaOyFea02Q,0.0,0.0066256034187972546,0.0,0.0,0.0,0.0,0.0,0.0,0.0
twitter_IdwthJZBvDFusOio9zKh8Q,twitter_akvJXN2XTN2LgwQ5dyN8-w,0.0,0.0,0.0023846791591495275,0.0,0.0,0.0,0.0,0.0,0.0
twitter_IdwthJZBvDFusOio9zKh8Q,twitter_lKCLHQDoqH5eOYUm8ZbH-Q,0.0029138303361833096,0.0,0.0,0.0,0.0,0.0,0.0,0.0,0.0
twitter_IdwthJZBvDFusOio9zKh8Q,twitter_mlzZw0iYHR9X3Um-lkfK1A,0.004892733879387379,0.0,0.0,0.0,0.0,0.0,0.0,0.0,0.0
twitter_IdwthJZBvDFusOio9zKh8Q,twitter_r5eOB-3g_2NwtsiZv-GwFw,0.0016416657017543912,0.0,0.0,0.0,0.0,0.0,0.0,0.0,0.0
twitter_IdwthJZBvDFusOio9zKh8Q,twitter_rD1m5it6FkbNJA3tDtrDGA,0.0007096040644682944,0.0,0.0,0.0,0.0,0.0,0.0,0.0,0.0
twitter_IdwthJZBvDFusOio9zKh8Q,twitter_rYfYC5fVjAXW0tDvNB7t1Q,0.0017105514416471126,0.0,0.0,0.0,0.0,0.0,0.0,0.0,0.0
twitter_IdwthJZBvDFusOio9zKh8Q,twitter_re6YNIMX-kH8x7jFv0coeA,0.0010559825459495187,0.0,0.0,0.0,0.0,0.0,0.0,0.0,0.0
twitter_IdwthJZBvDFusOio9zKh8Q,twitter_tU6NT22sRhjqJbqHRRqMOg,0.0,0.0,0.00037418960710056126,0.0,0.0,0.0,0.0,0.0,0.0
twitter_IdwthJZBvDFusOio9zKh8Q,twitter_ttV2shkYetHFN2npkvnCEw,0.0,0.0,0.0005952680367045107,0.0,0.0,0.0,0.0,0.0,0.0
twitter_IdwthJZBvDFusOio9zKh8Q,twitter_uBDmalTcYEGIM8Ap0JvXDw,0.0012350723845884206,0.0,0.0,0.0,0.0,0.0,0.0,0.0,0.0
twitter_IdwthJZBvDFusOio9zKh8Q,twitter_xEHHH8r-dicIwU_4t_zlyg,0.006326356902718544,0.0,0.0,0.0,0.0,0.0,0.0,0.0,0.0
twitter_IdwthJZBvDFusOio9zKh8Q,twitter_z66VtwJE13KKmco-W8vsYA,0.010104289278388023,0.0,0.0,0.0,0.0,0.0,0.0,0.0,0.0
twitter_IdwthJZBvDFusOio9zKh8Q,twitter_zOfdbmzmQ1fYGRWTuAFPZg,0.004699038807302713,0.0,0.0,0.0,0.0,0.0,0.0,0.0,0.0
twitter_KCYPxwHh1a25Yn1T3TvL-g,twitter_IdwthJZBvDFusOio9zKh8Q,0.0,0.0,0.0,0.0,0.0,0.0,0.000572286662645638,0.0,0.0
twitter_KCYPxwHh1a25Yn1T3TvL-g,twitter_xEHHH8r-dicIwU_4t_zlyg,0.0,0.0,0.0,0.0,0.0,0.0,0.00013151031453162432,0.0,0.0
twitter_KCYPxwHh1a25Yn1T3TvL-g,twitter_z66VtwJE13KKmco-W8vsYA,0.0,0.0,0.0,0.0,0.0,0.0,0.0006005860632285478,0.0,0.0
twitter_LfXTNvVwNEKHQ2CI7-aaiQ,twitter_-EeSXHn12H8_5E0QJ8g6Eg,0.0,0.0,0.0,0.0,0.0,0.0,0.0,0.0,0.00091477861860767
twitter_LfXTNvVwNEKHQ2CI7-aaiQ,twitter_4UYzH2dOA72aY5tEchbGDg,0.0,0.0,0.0,0.0,0.0,0.0,0.0,0.0011600588914006946,0.0
twitter_LfXTNvVwNEKHQ2CI7-aaiQ,twitter_7qJmYk_w55tVVV6A8p5AKA,0.0,0.0,0.0,0.0,0.0,0.0,0.0005262873601168394,0.0,0.0
twitter_LfXTNvVwNEKHQ2CI7-aaiQ,twitter_IdwthJZBvDFusOio9zKh8Q,0.0,0.0,0.0,0.0,0.0,0.0,0.0005984011222608387,0.0,0.0
twitter_LfXTNvVwNEKHQ2CI7-aaiQ,twitter_NUKtxXRjdd2KVaOyFea02Q,0.0,0.0,0.0,0.0,0.0,0.0,0.0,0.0004294708778616041,0.0
twitter_LfXTNvVwNEKHQ2CI7-aaiQ,twitter_akvJXN2XTN2LgwQ5dyN8-w,0.0,0.0,0.0,0.0,0.0,0.0,0.0,0.0,0.0005998039268888532
twitter_LfXTNvVwNEKHQ2CI7-aaiQ,twitter_d0VG42GZkTSx73afRcJvFg,0.0,0.0,0.0,0.0,0.0,0.0,0.0,0.0,0.0006939222803339362
twitter_LfXTNvVwNEKHQ2CI7-aaiQ,twitter_tU6NT22sRhjqJbqHRRqMOg,0.0,0.0,0.0,0.0,0.0,0.0,0.0,0.0,0.0006180266500450671
twitter_LfXTNvVwNEKHQ2CI7-aaiQ,twitter_ttV2shkYetHFN2npkvnCEw,0.0,0.0,0.0,0.0,0.0,0.0,0.0,0.0,0.0012212044093757868
twitter_LfXTNvVwNEKHQ2CI7-aaiQ,twitter_xEHHH8r-dicIwU_4t_zlyg,0.0,0.0,0.0,0.0,0.0,0.0,0.00047856671153567737,0.0,0.0
twitter_LfXTNvVwNEKHQ2CI7-aaiQ,twitter_z66VtwJE13KKmco-W8vsYA,0.0,0.0,0.0,0.0,0.0,0.0,0.0004699270648416132,0.0,0.0
twitter_LfXTNvVwNEKHQ2CI7-aaiQ,twitter_zOfdbmzmQ1fYGRWTuAFPZg,0.0,0.0,0.0,0.0,0.0,0.0,0.0008803342934697868,0.0,0.0
twitter_LuBE7N244AUZQl3SJCAnQw,twitter_4UYzH2dOA72aY5tEchbGDg,0.0,0.0,0.0,0.0,0.0,0.0,0.0,0.003415980376303196,0.0
twitter_LuBE7N244AUZQl3SJCAnQw,twitter_FQcXC4SaV3eoNkIQDprs8Q,0.0,0.0,0.0,0.0,0.0,0.0,0.0,0.0,0.0003999595937784761
twitter_LuBE7N244AUZQl3SJCAnQw,twitter_GwskN-wt5eMNE1BMdHx9hg,0.0,0.0,0.0,0.0,0.0,0.0,0.0,0.0,0.0011281277984380722
twitter_LuBE7N244AUZQl3SJCAnQw,twitter_IdwthJZBvDFusOio9zKh8Q,0.0,0.0,0.0,0.0,0.0,0.0,0.0002583687601145357,0.0,0.0
twitter_LuBE7N244AUZQl3SJCAnQw,twitter_akvJXN2XTN2LgwQ5dyN8-w,0.0,0.0,0.0,0.0,0.0,0.0,0.0,0.0,0.0008587059564888477
twitter_LuBE7N244AUZQl3SJCAnQw,twitter_dkmbuDByuv1PyA5ZXoDmRQ,0.0,0.0,0.0,0.0,0.0,0.0,0.001083135837689042,0.0,0.0
twitter_LuBE7N244AUZQl3SJCAnQw,twitter_lKCLHQDoqH5eOYUm8ZbH-Q,0.0,0.0,0.0,0.0,0.0,0.0,0.0006274014594964683,0.0,0.0
twitter_LuBE7N244AUZQl3SJCAnQw,twitter_mlzZw0iYHR9X3Um-lkfK1A,0.0,0.0,0.0,0.0,0.0,0.0,0.0044789258390665046,0.0,0.0
twitter_LuBE7N244AUZQl3SJCAnQw,twitter_rYfYC5fVjAXW0tDvNB7t1Q,0.0,0.0,0.0,0.0,0.0,0.0,0.000703646510373801,0.0,0.0
twitter_LuBE7N244AUZQl3SJCAnQw,twitter_tU6NT22sRhjqJbqHRRqMOg,0.0,0.0,0.0,0.0,0.0,0.0,0.0,0.0,0.0006795797380618751
twitter_LuBE7N244AUZQl3SJCAnQw,twitter_ttV2shkYetHFN2npkvnCEw,0.0,0.0,0.0,0.0,0.0,0.0,0.0,0.0,0.0010144904954358935
twitter_LuBE7N244AUZQl3SJCAnQw,twitter_xEHHH8r-dicIwU_4t_zlyg,0.0,0.0,0.0,0.0,0.0,0.0,0.002323479624465108,0.0,0.0
twitter_LuBE7N244AUZQl3SJCAnQw,twitter_z66VtwJE13KKmco-W8vsYA,0.0,0.0,0.0,0.0,0.0,0.0,0.00024048909835983068,0.0,0.0
twitter_N29t7GG5vIO49BybSHhMaQ,twitter_ttV2shkYetHFN2npkvnCEw,0.0,0.0,0.0003070828679483384,0.0,0.0,0.0,0.0,0.0,0.0
twitter_NUKtxXRjdd2KVaOyFea02Q,twitter_-EeSXHn12H8_5E0QJ8g6Eg,0.0,0.0,0.0,0.0,0.0,0.0016215275973081589,0.0,0.0,0.0
twitter_NUKtxXRjdd2KVaOyFea02Q,twitter_4UYzH2dOA72aY5tEchbGDg,0.0,0.0,0.0,0.0,0.00044551899190992117,0.0,0.0,0.0,0.0
twitter_NUKtxXRjdd2KVaOyFea02Q,twitter_7qJmYk_w55tVVV6A8p5AKA,0.0,0.0,0.0,0.0008701669867150488,0.0,0.0,0.0,0.0,0.0
twitter_NUKtxXRjdd2KVaOyFea02Q,twitter_FQcXC4SaV3eoNkIQDprs8Q,0.0,0.0,0.0,0.0,0.0,0.001382422517053783,0.0,0.0,0.0
twitter_NUKtxXRjdd2KVaOyFea02Q,twitter_GwskN-wt5eMNE1BMdHx9hg,0.0,0.0,0.0,0.0,0.0,0.0005731272976845503,0.0,0.0,0.0
twitter_NUKtxXRjdd2KVaOyFea02Q,twitter_IdwthJZBvDFusOio9zKh8Q,0.0,0.0,0.0,0.002233217004686594,0.0,0.0,0.0,0.0,0.0
twitter_NUKtxXRjdd2KVaOyFea02Q,twitter_VSExh2FydKVBZI2r3J2eLA,0.0,0.0,0.0,0.001906088902615011,0.0,0.0,0.0,0.0,0.0
twitter_NUKtxXRjdd2KVaOyFea02Q,twitter_YECpIN6Wf31c9_uuBEfhQA,0.0,0.0,0.0,0.0,0.0,0.0010604000417515638,0.0,0.0,0.0
twitter_NUKtxXRjdd2KVaOyFea02Q,twitter__po5lpcKcy8o93rWNj20qQ,0.0,0.0,0.0,0.0,0.0,0.00197935663163662,0.0,0.0,0.0
twitter_NUKtxXRjdd2KVaOyFea02Q,twitter_akvJXN2XTN2LgwQ5dyN8-w,0.0,0.0,0.0,0.0,0.0,0.000536229694262147,0.0,0.0,0.0
twitter_NUKtxXRjdd2KVaOyFea02Q,twitter_bi-ts9pxCacRWJ5YElmqUQ,0.0,0.0,0.0,0.002906350651755929,0.0,0.0,0.0,0.0,0.0
twitter_NUKtxXRjdd2KVaOyFea02Q,twitter_d0VG42GZkTSx73afRcJvFg,0.0,0.0,0.0,0.0,0.0,0.0031745785381644964,0.0,0.0,0.0
twitter_NUKtxXRjdd2KVaOyFea02Q,twitter_dkmbuDByuv1PyA5ZXoDmRQ,0.0,0.0,0.0,4.234685911796987e-05,0.0,0.0,0.0,0.0,0.0
twitter_NUKtxXRjdd2KVaOyFea02Q,twitter_kL_r2cBb6xQLM7e0pM48dg,0.0,0.0,0.0,0.0,0.0,0.0012776849325746298,0.0,0.0,0.0
twitter_NUKtxXRjdd2KVaOyFea02Q,twitter_lKCLHQDoqH5eOYUm8ZbH-Q,0.0,0.0,0.0,0.0016840206226333974,0.0,0.0,0.0,0.0,0.0
twitter_NUKtxXRjdd2KVaOyFea02Q,twitter_mlzZw0iYHR9X3Um-lkfK1A,0.0,0.0,0.0,0.005520472303032875,0.0,0.0,0.0,0.0,0.0
twitter_NUKtxXRjdd2KVaOyFea02Q,twitter_r5eOB-3g_2NwtsiZv-GwFw,0.0,0.0,0.0,0.0010544991819188,0.0,0.0,0.0,0.0,0.0
twitter_NUKtxXRjdd2KVaOyFea02Q,twitter_rD1m5it6FkbNJA3tDtrDGA,0.0,0.0,0.0,0.0002972554066218436,0.0,0.0,0.0,0.0,0.0
twitter_NUKtxXRjdd2KVaOyFea02Q,twitter_rYfYC5fVjAXW0tDvNB7t1Q,0.0,0.0,0.0,0.0010954906465485694,0.0,0.0,0.0,0.0,0.0
twitter_NUKtxXRjdd2KVaOyFea02Q,twitter_tU6NT22sRhjqJbqHRRqMOg,0.0,0.0,0.0,0.0,0.0,0.001895592198707164,0.0,0.0,0.0
twitter_NUKtxXRjdd2KVaOyFea02Q,twitter_ttV2shkYetHFN2npkvnCEw,0.0,0.0,0.0,0.0,0.0,0.0022791649680584678,0.0,0.0,0.0
twitter_NUKtxXRjdd2KVaOyFea02Q,twitter_uBDmalTcYEGIM8Ap0JvXDw,0.0,0.0,0.0,0.0009502372704446317,0.0,0.0,0.0,0.0,0.0
twitter_NUKtxXRjdd2KVaOyFea02Q,twitter_xEHHH8r-dicIwU_4t_zlyg,0.0,0.0,0.0,0.0024025077000260357,0.0,0.0,0.0,0.0,0.0
twitter_NUKtxXRjdd2KVaOyFea02Q,twitter_z66VtwJE13KKmco-W8vsYA,0.0,0.0,0.0,0.004864785820245743,0.0,0.0,0.0,0.0,0.0
twitter_NUKtxXRjdd2KVaOyFea02Q,twitter_zOfdbmzmQ1fYGRWTuAFPZg,0.0,0.0,0.0,0.0002658288867678493,0.0,0.0,0.0,0.0,0.0
twitter_Nemnkekd9zMvvZoZuJYY2g,twitter_FQcXC4SaV3eoNkIQDprs8Q,0.0,0.0,0.0,0.0,0.0,0.0,0.0,0.0,0.0010515295434743166
twitter_Nemnkekd9zMvvZoZuJYY2g,twitter_lKCLHQDoqH5eOYUm8ZbH-Q,0.0,0.0,0.0,0.0,0.0,0.0,0.0007492181030102074,0.0,0.0
twitter_Nemnkekd9zMvvZoZuJYY2g,twitter_tU6NT22sRhjqJbqHRRqMOg,0.0,0.0,0.0,0.0,0.0,0.0,0.0,0.0,0.001540284720249474
twitter_Nemnkekd9zMvvZoZuJYY2g,twitter_xEHHH8r-dicIwU_4t_zlyg,0.0,0.0,0.0,0.0,0.0,0.0,0.00037461757892742753,0.0,0.0
twitter_Nemnkekd9zMvvZoZuJYY2g,twitter_zOfdbmzmQ1fYGRWTuAFPZg,0.0,0.0,0.0,0.0,0.0,0.0,0.00019019284809473905,0.0,0.0
twitter_Nvedctg3vU3LHfC_s9W_qQ,twitter_4UYzH2dOA72aY5tEchbGDg,0.0,0.0014421168016269805,0.0,0.0,0.0,0.0,0.0,0.0,0.0
twitter_Nvedctg3vU3LHfC_s9W_qQ,twitter_7qJmYk_w55tVVV6A8p5AKA,0.0012221789220348,0.0,0.0,0.0,0.0,0.0,0.0,0.0,0.0
twitter_Nvedctg3vU3LHfC_s9W_qQ,twitter_IdwthJZBvDFusOio9zKh8Q,0.00025935241137631243,0.0,0.0,0.0,0.0,0.0,0.0,0.0,0.0
twitter_Nvedctg3vU3LHfC_s9W_qQ,twitter_NUKtxXRjdd2KVaOyFea02Q,0.0,0.002482736948877573,0.0,0.0,0.0,0.0,0.0,0.0,0.0
twitter_Nvedctg3vU3LHfC_s9W_qQ,twitter_akvJXN2XTN2LgwQ5dyN8-w,0.0,0.0,0.0008035494247451425,0.0,0.0,0.0,0.0,0.0,0.0
twitter_Nvedctg3vU3LHfC_s9W_qQ,twitter_lKCLHQDoqH5eOYUm8ZbH-Q,0.0009266441338695586,0.0,0.0,0.0,0.0,0.0,0.0,0.0,0.0
twitter_Nvedctg3vU3LHfC_s9W_qQ,twitter_r5eOB-3g_2NwtsiZv-GwFw,0.0025006202049553394,0.0,0.0,0.0,0.0,0.0,0.0,0.0,0.0
twitter_Nvedctg3vU3LHfC_s9W_qQ,twitter_rD1m5it6FkbNJA3tDtrDGA,0.000847971357870847,0.0,0.0,0.0,0.0,0.0,0.0,0.0,0.0
twitter_Nvedctg3vU3LHfC_s9W_qQ,twitter_tU6NT22sRhjqJbqHRRqMOg,0.0,0.0,0.00037087008240632713,0.0,0.0,0.0,0.0,0.0,0.0
twitter_Nvedctg3vU3LHfC_s9W_qQ,twitter_uBDmalTcYEGIM8Ap0JvXDw,0.002757899230346084,0.0,0.0,0.0,0.0,0.0,0.0,0.0,0.0
twitter_Nvedctg3vU3LHfC_s9W_qQ,twitter_xEHHH8r-dicIwU_4t_zlyg,0.0015496999258175492,0.0,0.0,0.0,0.0,0.0,0.0,0.0,0.0
twitter_Nvedctg3vU3LHfC_s9W_qQ,twitter_zOfdbmzmQ1fYGRWTuAFPZg,0.0007744455360807477,0.0,0.0,0.0,0.0,0.0,0.0,0.0,0.0
twitter_ONrYaAu93WJnqa5jRc9eKQ,twitter_4UYzH2dOA72aY5tEchbGDg,0.0,0.0004499512724578381,0.0,0.0,0.0,0.0,0.0,0.0,0.0
twitter_ONrYaAu93WJnqa5jRc9eKQ,twitter_NUKtxXRjdd2KVaOyFea02Q,0.0,0.0004744046600535512,0.0,0.0,0.0,0.0,0.0,0.0,0.0
twitter_ONrYaAu93WJnqa5jRc9eKQ,twitter_xEHHH8r-dicIwU_4t_zlyg,0.0006832612561993301,0.0,0.0,0.0,0.0,0.0,0.0,0.0,0.0
twitter_Q8zktnngs_JUKe-X7SCZ8Q,twitter_mlzZw0iYHR9X3Um-lkfK1A,0.004150230437517165,0.0,0.0,0.0,0.0,0.0,0.0,0.0,0.0
twitter_Qo6mWudNXakXIe4Mhgo-Vg,twitter_4UYzH2dOA72aY5tEchbGDg,0.0,0.0006365227163769305,0.0,0.0,0.0,0.0,0.0,0.0,0.0
twitter_Qo6mWudNXakXIe4Mhgo-Vg,twitter_NUKtxXRjdd2KVaOyFea02Q,0.0,0.0009207777329720557,0.0,0.0,0.0,0.0,0.0,0.0,0.0
twitter_Qo6mWudNXakXIe4Mhgo-Vg,twitter_xEHHH8r-dicIwU_4t_zlyg,0.0006751595647074282,0.0,0.0,0.0,0.0,0.0,0.0,0.0,0.0
twitter_Qo6mWudNXakXIe4Mhgo-Vg,twitter_zOfdbmzmQ1fYGRWTuAFPZg,0.0005057776579633355,0.0,0.0,0.0,0.0,0.0,0.0,0.0,0.0
twitter_Qxmz-5FXuBWBp6ULbFTQTg,twitter_IdwthJZBvDFusOio9zKh8Q,0.0,0.0,0.0,0.0,0.0,0.0,0.00013214083446655422,0.0,0.0
twitter_SO1ac7x6aKy5z-VZgL6l4w,twitter_mlzZw0iYHR9X3Um-lkfK1A,0.004869337193667889,0.0,0.0,0.0,0.0,0.0,0.0,0.0,0.0
twitter_SO1ac7x6aKy5z-VZgL6l4w,twitter_xEHHH8r-dicIwU_4t_zlyg,0.0006921496824361384,0.0,0.0,0.0,0.0,0.0,0.0,0.0,0.0
twitter_SO1ac7x6aKy5z-VZgL6l4w,twitter_zOfdbmzmQ1fYGRWTuAFPZg,0.0006734674097970128,0.0,0.0,0.0,0.0,0.0,0.0,0.0,0.0
twitter_SWeYFNdcY7z_kL3Y_UMRgw,twitter_mlzZw0iYHR9X3Um-lkfK1A,0.0035547432489693165,0.0,0.0,0.0,0.0,0.0,0.0,0.0,0.0
twitter_SWeYFNdcY7z_kL3Y_UMRgw,twitter_rYfYC5fVjAXW0tDvNB7t1Q,0.0012746818829327822,0.0,0.0,0.0,0.0,0.0,0.0,0.0,0.0
twitter_SWeYFNdcY7z_kL3Y_UMRgw,twitter_re6YNIMX-kH8x7jFv0coeA,0.0011985391611233356,0.0,0.0,0.0,0.0,0.0,0.0,0.0,0.0
twitter_VSExh2FydKVBZI2r3J2eLA,twitter_4UYzH2dOA72aY5tEchbGDg,0.0,0.0013719674898311494,0.0,0.0,0.0,0.0,0.0,0.0,0.0
twitter_VSExh2FydKVBZI2r3J2eLA,twitter_7qJmYk_w55tVVV6A8p5AKA,0.00018478174752090126,0.0,0.0,0.0,0.0,0.0,0.0,0.0,0.0
twitter_VSExh2FydKVBZI2r3J2eLA,twitter_IdwthJZBvDFusOio9zKh8Q,0.001669575460255146,0.0,0.0,0.0,0.0,0.0,0.0,0.0,0.0
twitter_VSExh2FydKVBZI2r3J2eLA,twitter_NUKtxXRjdd2KVaOyFea02Q,0.0,0.0014083669520914555,0.0,0.0,0.0,0.0,0.0,0.0,0.0
twitter_VSExh2FydKVBZI2r3J2eLA,twitter_d0VG42GZkTSx73afRcJvFg,0.0,0.0,0.0005811183946207166,0.0,0.0,0.0,0.0,0.0,0.0
twitter_VSExh2FydKVBZI2r3J2eLA,twitter_mlzZw0iYHR9X3Um-lkfK1A,0.003589068539440632,0.0,0.0,0.0,0.0,0.0,0.0,0.0,0.0
twitter_VSExh2FydKVBZI2r3J2eLA,twitter_tU6NT22sRhjqJbqHRRqMOg,0.0,0.0,0.000961522338911891,0.0,0.0,0.0,0.0,0.0,0.0
twitter_VSExh2FydKVBZI2r3J2eLA,twitter_ttV2shkYetHFN2npkvnCEw,0.0,0.0,0.0008202042081393299,0.0,0.0,0.0,0.0,0.0,0.0
twitter_VSExh2FydKVBZI2r3J2eLA,twitter_xEHHH8r-dicIwU_4t_zlyg,0.002475391374900937,0.0,0.0,0.0,0.0,0.0,0.0,0.0,0.0
twitter_VSExh2FydKVBZI2r3J2eLA,twitter_zOfdbmzmQ1fYGRWTuAFPZg,0.003120447508990765,0.0,0.0,0.0,0.0,0.0,0.0,0.0,0.0
twitter_W5aLyy9jF0ZkEovv19YrYA,twitter_4UYzH2dOA72aY5tEchbGDg,0.0,0.0004123834951315075,0.0,0.0,0.0,0.0,0.0,0.0,0.0
twitter_W5aLyy9jF0ZkEovv19YrYA,twitter_NUKtxXRjdd2KVaOyFea02Q,0.0,0.000406753591960296,0.0,0.0,0.0,0.0,0.0,0.0,0.0
twitter_W5aLyy9jF0ZkEovv19YrYA,twitter_xEHHH8r-dicIwU_4t_zlyg,0.0006759827956557274,0.0,0.0,0.0,0.0,0.0,0.0,0.0,0.0
twitter_W5aLyy9jF0ZkEovv19YrYA,twitter_zOfdbmzmQ1fYGRWTuAFPZg,0.0006616725004278122,0.0,0.0,0.0,0.0,0.0,0.0,0.0,0.0
twitter_YECpIN6Wf31c9_uuBEfhQA,twitter_4UYzH2dOA72aY5tEchbGDg,0.0,0.0,0.0,0.0,0.0,0.0,0.0,0.0004320323932915927,0.0
twitter_YECpIN6Wf31c9_uuBEfhQA,twitter_NUKtxXRjdd2KVaOyFea02Q,0.0,0.0,0.0,0.0,0.0,0.0,0.0,0.00048280705232173204,0.0
twitter_YECpIN6Wf31c9_uuBEfhQA,twitter_bi-ts9pxCacRWJ5YElmqUQ,0.0,0.0,0.0,0.0,0.0,0.0,0.00019419018644839525,0.0,0.0
twitter_YECpIN6Wf31c9_uuBEfhQA,twitter_mlzZw0iYHR9X3Um-lkfK1A,0.0,0.0,0.0,0.0,0.0,0.0,0.004128226079046725,0.0,0.0
twitter_YECpIN6Wf31c9_uuBEfhQA,twitter_rYfYC5fVjAXW0tDvNB7t1Q,0.0,0.0,0.0,0.0,0.0,0.0,0.0015637491596862676,0.0,0.0
twitter_YECpIN6Wf31c9_uuBEfhQA,twitter_tU6NT22sRhjqJbqHRRqMOg,0.0,0.0,0.0,0.0,0.0,0.0,0.0,0.0,8.375065954169258e-05
twitter_YECpIN6Wf31c9_uuBEfhQA,twitter_xEHHH8r-dicIwU_4t_zlyg,0.0,0.0,0.0,0.0,0.0,0.0,0.00020715911523438996,0.0,0.0
twitter_YECpIN6Wf31c9_uuBEfhQA,twitter_zOfdbmzmQ1fYGRWTuAFPZg,0.0,0.0,0.0,0.0,0.0,0.0,0.00022623165568802506,0.0,0.0
twitter__1Ez_srxhntST4Uzo5hiiQ,twitter_7qJmYk_w55tVVV6A8p5AKA,0.0003479709557723254,0.0,0.0,0.0,0.0,0.0,0.0,0.0,0.0
twitter__1Ez_srxhntST4Uzo5hiiQ,twitter_tU6NT22sRhjqJbqHRRqMOg,0.0,0.0,0.0012762192636728287,0.0,0.0,0.0,0.0,0.0,0.0
twitter__1Ez_srxhntST4Uzo5hiiQ,twitter_xEHHH8r-dicIwU_4t_zlyg,0.000523724767845124,0.0,0.0,0.0,0.0,0.0,0.0,0.0,0.0
twitter__1Ez_srxhntST4Uzo5hiiQ,twitter_zOfdbmzmQ1fYGRWTuAFPZg,0.00027107284404337406,0.0,0.0,0.0,0.0,0.0,0.0,0.0,0.0
twitter__n6jue954-ntWnTgr6mw2Q,twitter_4UYzH2dOA72aY5tEchbGDg,0.0,0.0006170003325678407,0.0,0.0,0.0,0.0,0.0,0.0,0.0
twitter__n6jue954-ntWnTgr6mw2Q,twitter_NUKtxXRjdd2KVaOyFea02Q,0.0,0.0008906043949536977,0.0,0.0,0.0,0.0,0.0,0.0,0.0
twitter__n6jue954-ntWnTgr6mw2Q,twitter_xEHHH8r-dicIwU_4t_zlyg,0.0006432393565773964,0.0,0.0,0.0,0.0,0.0,0.0,0.0,0.0
twitter__n6jue954-ntWnTgr6mw2Q,twitter_zOfdbmzmQ1fYGRWTuAFPZg,0.0004864608345087617,0.0,0.0,0.0,0.0,0.0,0.0,0.0,0.0
twitter__po5lpcKcy8o93rWNj20qQ,twitter_lKCLHQDoqH5eOYUm8ZbH-Q,0.0,0.0,0.0,0.0,0.0,0.0,0.00048138049896806484,0.0,0.0
twitter__po5lpcKcy8o93rWNj20qQ,twitter_mlzZw0iYHR9X3Um-lkfK1A,0.0,0.0,0.0,0.0,0.0,0.0,0.0036903659347444773,0.0,0.0
twitter__po5lpcKcy8o93rWNj20qQ,twitter_xEHHH8r-dicIwU_4t_zlyg,0.0,0.0,0.0,0.0,0.0,0.0,0.0006776693626306951,0.0,0.0
twitter__po5lpcKcy8o93rWNj20qQ,twitter_zOfdbmzmQ1fYGRWTuAFPZg,0.0,0.0,0.0,0.0,0.0,0.0,0.0006696288473904133,0.0,0.0
twitter_ahs5m4SiY6TJKXMGN7lFnQ,twitter_7qJmYk_w55tVVV6A8p5AKA,0.0002743033692240715,0.0,0.0,0.0,0.0,0.0,0.0,0.0,0.0
twitter_ahs5m4SiY6TJKXMGN7lFnQ,twitter_DWKVMGIghRWfeKP3ZDuyOg,0.0,0.0,0.0007615298382006586,0.0,0.0,0.0,0.0,0.0,0.0
twitter_ahs5m4SiY6TJKXMGN7lFnQ,twitter_FQcXC4SaV3eoNkIQDprs8Q,0.0,0.0,0.0005062076961621642,0.0,0.0,0.0,0.0,0.0,0.0
twitter_ahs5m4SiY6TJKXMGN7lFnQ,twitter_IdwthJZBvDFusOio9zKh8Q,0.00032732571708038455,0.0,0.0,0.0,0.0,0.0,0.0,0.0,0.0
twitter_ahs5m4SiY6TJKXMGN7lFnQ,twitter__po5lpcKcy8o93rWNj20qQ,0.0,0.0,0.0004372531548142433,0.0,0.0,0.0,0.0,0.0,0.0
twitter_ahs5m4SiY6TJKXMGN7lFnQ,twitter_akvJXN2XTN2LgwQ5dyN8-w,0.0,0.0,0.00015312025789171455,0.0,0.0,0.0,0.0,0.0,0.0
twitter_ahs5m4SiY6TJKXMGN7lFnQ,twitter_lKCLHQDoqH5eOYUm8ZbH-Q,0.0009769645985215902,0.0,0.0,0.0,0.0,0.0,0.0,0.0,0.0
twitter_ahs5m4SiY6TJKXMGN7lFnQ,twitter_mlzZw0iYHR9X3Um-lkfK1A,0.0039705694653093815,0.0,0.0,0.0,0.0,0.0,0.0,0.0,0.0
twitter_ahs5m4SiY6TJKXMGN7lFnQ,twitter_rYfYC5fVjAXW0tDvNB7t1Q,0.0013718241825699804,0.0,0.0,0.0,0.0,0.0,0.0,0.0,0.0
twitter_ahs5m4SiY6TJKXMGN7lFnQ,twitter_tU6NT22sRhjqJbqHRRqMOg,0.0,0.0,0.0017659642035141585,0.0,0.0,0.0,0.0,0.0,0.0
twitter_ahs5m4SiY6TJKXMGN7lFnQ,twitter_ttV2shkYetHFN2npkvnCEw,0.0,0.0,0.001382614835165441,0.0,0.0,0.0,0.0,0.0,0.0
twitter_ahs5m4SiY6TJKXMGN7lFnQ,twitter_xEHHH8r-dicIwU_4t_zlyg,0.0011686321813613176,0.0,0.0,0.0,0.0,0.0,0.0,0.0,0.0
twitter_ahs5m4SiY6TJKXMGN7lFnQ,twitter_z66VtwJE13KKmco-W8vsYA,0.0002218154986621812,0.0,0.0,0.0,0.0,0.0,0.0,0.0,0.0
twitter_ahs5m4SiY6TJKXMGN7lFnQ,twitter_zOfdbmzmQ1fYGRWTuAFPZg,0.0016641218680888414,0.0,0.0,0.0,0.0,0.0,0.0,0.0,0.0
twitter_akvJXN2XTN2LgwQ5dyN8-w,twitter_-EeSXHn12H8_5E0QJ8g6Eg,0.0,0.0,0.0,0.0,0.0,0.0,0.0,0.0,0.0005789412534795703
twitter_akvJXN2XTN2LgwQ5dyN8-w,twitter_4UYzH2dOA72aY5tEchbGDg,0.0,0.0,0.0,0.0,0.0,0.0,0.0,0.0006861109868623316,0.0
twitter_akvJXN2XTN2LgwQ5dyN8-w,twitter_7qJmYk_w55tVVV6A8p5AKA,0.0,0.0,0.0,0.0,0.0,0.0,0.0017861557425931094,0.0,0.0
twitter_akvJXN2XTN2LgwQ5dyN8-w,twitter_FQcXC4SaV3eoNkIQDprs8Q,0.0,0.0,0.0,0.0,0.0,0.0,0.0,0.0,0.0005027431179769337
twitter_akvJXN2XTN2LgwQ5dyN8-w,twitter_GwskN-wt5eMNE1BMdHx9hg,0.0,0.0,0.0,0.0,0.0,0.0,0.0,0.0,0.0005831293528899549
twitter_akvJXN2XTN2LgwQ5dyN8-w,twitter_IdwthJZBvDFusOio9zKh8Q,0.0,0.0,0.0,0.0,0.0,0.0,0.0005050800391472876,0.0,0.0
twitter_akvJXN2XTN2LgwQ5dyN8-w,twitter_LuBE7N244AUZQl3SJCAnQw,0.0,0.0,0.0,0.0,0.0,0.0,0.0,0.0,0.0002056629746221006
twitter_akvJXN2XTN2LgwQ5dyN8-w,twitter_NUKtxXRjdd2KVaOyFea02Q,0.0,0.0,0.0,0.0,0.0,0.0,0.0,0.00029647853807546204,0.0
twitter_akvJXN2XTN2LgwQ5dyN8-w,twitter_d0VG42GZkTSx73afRcJvFg,0.0,0.0,0.0,0.0,0.0,0.0,0.0,0.0,0.0003910593804903328
twitter_akvJXN2XTN2LgwQ5dyN8-w,twitter_dkmbuDByuv1PyA5ZXoDmRQ,0.0,0.0,0.0,0.0,0.0,0.0,0.0016672529745846991,0.0,0.0
twitter_akvJXN2XTN2LgwQ5dyN8-w,twitter_mlzZw0iYHR9X3Um-lkfK1A,0.0,0.0,0.0,0.0,0.0,0.0,0.0037099996116012335,0.0,0.0
twitter_akvJXN2XTN2LgwQ5dyN8-w,twitter_r5eOB-3g_2NwtsiZv-GwFw,0.0,0.0,0.0,0.0,0.0,0.0,0.0018678236519917848,0.0,0.0
twitter_akvJXN2XTN2LgwQ5dyN8-w,twitter_rD1m5it6FkbNJA3tDtrDGA,0.0,0.0,0.0,0.0,0.0,0.0,0.000524415576364845,0.0,0.0
twitter_akvJXN2XTN2LgwQ5dyN8-w,twitter_rYfYC5fVjAXW0tDvNB7t1Q,0.0,0.0,0.0,0.0,0.0,0.0,0.0005176457925699651,0.0,0.0
twitter_akvJXN2XTN2LgwQ5dyN8-w,twitter_tU6NT22sRhjqJbqHRRqMOg,0.0,0.0,0.0,0.0,0.0,0.0,0.0,0.0,0.00041621766285970807
twitter_akvJXN2XTN2LgwQ5dyN8-w,twitter_ttV2shkYetHFN2npkvnCEw,0.0,0.0,0.0,0.0,0.0,0.0,0.0,0.0,0.0015846575843170285
twitter_akvJXN2XTN2LgwQ5dyN8-w,twitter_uBDmalTcYEGIM8Ap0JvXDw,0.0,0.0,0.0,0.0,0.0,0.0,0.0014104347210377455,0.0,0.0
twitter_akvJXN2XTN2LgwQ5dyN8-w,twitter_xEHHH8r-dicIwU_4t_zlyg,0.0,0.0,0.0,0.0,0.0,0.0,0.0012385400477796793,0.0,0.0
twitter_akvJXN2XTN2LgwQ5dyN8-w,twitter_z66VtwJE13KKmco-W8vsYA,0.0,0.0,0.0,0.0,0.0,0.0,0.0004108930006623268,0.0,0.0
twitter_akvJXN2XTN2LgwQ5dyN8-w,twitter_zOfdbmzmQ1fYGRWTuAFPZg,0.0,0.0,0.0,0.0,0.0,0.0,0.0007657490787096323,0.0,0.0
twitter_amXQPN04Bpj02kTW9NawKQ,twitter_IdwthJZBvDFusOio9zKh8Q,0.0006442888989113271,0.0,0.0,0.0,0.0,0.0,0.0,0.0,0.0
twitter_amXQPN04Bpj02kTW9NawKQ,twitter_mlzZw0iYHR9X3Um-lkfK1A,0.003841781057417393,0.0,0.0,0.0,0.0,0.0,0.0,0.0,0.0
twitter_amXQPN04Bpj02kTW9NawKQ,twitter_rYfYC5fVjAXW0tDvNB7t1Q,0.0006927946815267205,0.0,0.0,0.0,0.0,0.0,0.0,0.0,0.0
twitter_amXQPN04Bpj02kTW9NawKQ,twitter_xEHHH8r-dicIwU_4t_zlyg,7.656462548766285e-05,0.0,0.0,0.0,0.0,0.0,0.0,0.0,0.0
twitter_bi-ts9pxCacRWJ5YElmqUQ,twitter_4UYzH2dOA72aY5tEchbGDg,0.0,0.0007389147649519143,0.0,0.0,0.0,0.0,0.0,0.0,0.0
twitter_bi-ts9pxCacRWJ5YElmqUQ,twitter_7qJmYk_w55tVVV6A8p5AKA,0.0010380875319242477,0.0,0.0,0.0,0.0,0.0,0.0,0.0,0.0
twitter_bi-ts9pxCacRWJ5YElmqUQ,twitter_FQcXC4SaV3eoNkIQDprs8Q,0.0,0.0,0.0006789721664972602,0.0,0.0,0.0,0.0,0.0,0.0
twitter_bi-ts9pxCacRWJ5YElmqUQ,twitter_GwskN-wt5eMNE1BMdHx9hg,0.0,0.0,0.0006363706779666245,0.0,0.0,0.0,0.0,0.0,0.0
twitter_bi-ts9pxCacRWJ5YElmqUQ,twitter_IdwthJZBvDFusOio9zKh8Q,0.0010931340511888266,0.0,0.0,0.0,0.0,0.0,0.0,0.0,0.0
twitter_bi-ts9pxCacRWJ5YElmqUQ,twitter_NUKtxXRjdd2KVaOyFea02Q,0.0,0.0008472100598737597,0.0,0.0,0.0,0.0,0.0,0.0,0.0
twitter_bi-ts9pxCacRWJ5YElmqUQ,twitter_d0VG42GZkTSx73afRcJvFg,0.0,0.0,0.0003416101390030235,0.0,0.0,0.0,0.0,0.0,0.0
twitter_bi-ts9pxCacRWJ5YElmqUQ,twitter_lKCLHQDoqH5eOYUm8ZbH-Q,0.0014810950960963964,0.0,0.0,0.0,0.0,0.0,0.0,0.0,0.0
twitter_bi-ts9pxCacRWJ5YElmqUQ,twitter_mlzZw0iYHR9X3Um-lkfK1A,0.0038854372687637815,0.0,0.0,0.0,0.0,0.0,0.0,0.0,0.0
twitter_bi-ts9pxCacRWJ5YElmqUQ,twitter_rYfYC5fVjAXW0tDvNB7t1Q,0.0009416644461452961,0.0,0.0,0.0,0.0,0.0,0.0,0.0,0.0
twitter_bi-ts9pxCacRWJ5YElmqUQ,twitter_tU6NT22sRhjqJbqHRRqMOg,0.0,0.0,0.0024324343539774427,0.0,0.0,0.0,0.0,0.0,0.0
twitter_bi-ts9pxCacRWJ5YElmqUQ,twitter_ttV2shkYetHFN2npkvnCEw,0.0,0.0,0.0008821458905003965,0.0,0.0,0.0,0.0,0.0,0.0
twitter_bi-ts9pxCacRWJ5YElmqUQ,twitter_xEHHH8r-dicIwU_4t_zlyg,0.0008537175017409028,0.0,0.0,0.0,0.0,0.0,0.0,0.0,0.0
twitter_bi-ts9pxCacRWJ5YElmqUQ,twitter_z66VtwJE13KKmco-W8vsYA,0.00098084460478276,0.0,0.0,0.0,0.0,0.0,0.0,0.0,0.0
twitter_bi-ts9pxCacRWJ5YElmqUQ,twitter_zOfdbmzmQ1fYGRWTuAFPZg,0.0013513811863958836,0.0,0.0,0.0,0.0,0.0,0.0,0.0,0.0
twitter_d0VG42GZkTSx73afRcJvFg,twitter_-EeSXHn12H8_5E0QJ8g6Eg,0.0,0.0,0.0,0.0,0.0,0.0,0.0,0.0,0.0001738165010465309
twitter_d0VG42GZkTSx73afRcJvFg,twitter_4UYzH2dOA72aY5tEchbGDg,0.0,0.0,0.0,0.0,0.0,0.0,0.0,0.0012670643627643585,0.0
twitter_d0VG42GZkTSx73afRcJvFg,twitter_FQcXC4SaV3eoNkIQDprs8Q,0.0,0.0,0.0,0.0,0.0,0.0,0.0,0.0,1.3191476682550274e-05
twitter_d0VG42GZkTSx73afRcJvFg,twitter_IdwthJZBvDFusOio9zKh8Q,0.0,0.0,0.0,0.0,0.0,0.0,0.0019462376367300747,0.0,0.0
twitter_d0VG42GZkTSx73afRcJvFg,twitter_NUKtxXRjdd2KVaOyFea02Q,0.0,0.0,0.0,0.0,0.0,0.0,0.0,0.0009761080727912488,0.0
twitter_d0VG42GZkTSx73afRcJvFg,twitter_akvJXN2XTN2LgwQ5dyN8-w,0.0,0.0,0.0,0.0,0.0,0.0,0.0,0.0,0.0006851570797152817
twitter_d0VG42GZkTSx73afRcJvFg,twitter_lKCLHQDoqH5eOYUm8ZbH-Q,0.0,0.0,0.0,0.0,0.0,0.0,0.0006949403323233128,0.0,0.0
twitter_d0VG42GZkTSx73afRcJvFg,twitter_mlzZw0iYHR9X3Um-lkfK1A,0.0,0.0,0.0,0.0,0.0,0.0,0.0046542203053832045,0.0,0.0
twitter_d0VG42GZkTSx73afRcJvFg,twitter_r5eOB-3g_2NwtsiZv-GwFw,0.0,0.0,0.0,0.0,0.0,0.0,0.0008969035116024314,0.0,0.0
twitter_d0VG42GZkTSx73afRcJvFg,twitter_rD1m5it6FkbNJA3tDtrDGA,0.0,0.0,0.0,0.0,0.0,0.0,0.0008250885875895619,0.0,0.0
twitter_d0VG42GZkTSx73afRcJvFg,twitter_rYfYC5fVjAXW0tDvNB7t1Q,0.0,0.0,0.0,0.0,0.0,0.0,0.0003183981752954424,0.0,0.0
twitter_d0VG42GZkTSx73afRcJvFg,twitter_tU6NT22sRhjqJbqHRRqMOg,0.0,0.0,0.0,0.0,0.0,0.0,0.0,0.0,0.00036401540273800487
twitter_d0VG42GZkTSx73afRcJvFg,twitter_ttV2shkYetHFN2npkvnCEw,0.0,0.0,0.0,0.0,0.0,0.0,0.0,0.0,0.0003499497252050787
twitter_d0VG42GZkTSx73afRcJvFg,twitter_uBDmalTcYEGIM8Ap0JvXDw,0.0,0.0,0.0,0.0,0.0,0.0,0.00047157236258499324,0.0,0.0
twitter_d0VG42GZkTSx73afRcJvFg,twitter_xEHHH8r-dicIwU_4t_zlyg,0.0,0.0,0.0,0.0,0.0,0.0,0.0018776169745251532,0.0,0.0
twitter_d0VG42GZkTSx73afRcJvFg,twitter_z66VtwJE13KKmco-W8vsYA,0.0,0.0,0.0,0.0,0.0,0.0,0.0008213748806156218,0.0,0.0
twitter_d0VG42GZkTSx73afRcJvFg,twitter_zOfdbmzmQ1fYGRWTuAFPZg,0.0,0.0,0.0,0.0,0.0,0.0,0.001960489433258772,0.0,0.0
twitter_dDkD_oKXZQUvOqYA3dDhfw,twitter_-EeSXHn12H8_5E0QJ8g6Eg,0.0,0.0,0.0,0.0,0.0,0.0003543574712239206,0.0,0.0,0.0
twitter_dDkD_oKXZQUvOqYA3dDhfw,twitter_4UYzH2dOA72aY5tEchbGDg,0.0,0.0,0.0,0.0,0.0017671488458290696,0.0,0.0,0.0,0.0
twitter_dDkD_oKXZQUvOqYA3dDhfw,twitter_DWKVMGIghRWfeKP3ZDuyOg,0.0,0.0,0.0,0.0,0.0,0.00025673600612208247,0.0,0.0,0.0
twitter_dDkD_oKXZQUvOqYA3dDhfw,twitter_FQcXC4SaV3eoNkIQDprs8Q,0.0,0.0,0.0,0.0,0.0,0.0004944666288793087,0.0,0.0,0.0
twitter_dDkD_oKXZQUvOqYA3dDhfw,twitter_GwskN-wt5eMNE1BMdHx9hg,0.0,0.0,0.0,0.0,0.0,0.0008415242191404102,0.0,0.0,0.0
twitter_dDkD_oKXZQUvOqYA3dDhfw,twitter_IdwthJZBvDFusOio9zKh8Q,0.0,0.0,0.0,0.00018662201182451105,0.0,0.0,0.0,0.0,0.0
twitter_dDkD_oKXZQUvOqYA3dDhfw,twitter_NUKtxXRjdd2KVaOyFea02Q,0.0,0.0,0.0,0.0,0.0017183561576530335,0.0,0.0,0.0,0.0
twitter_dDkD_oKXZQUvOqYA3dDhfw,twitter_Nvedctg3vU3LHfC_s9W_qQ,0.0,0.0,0.0,0.00102560268715024,0.0,0.0,0.0,0.0,0.0
twitter_dDkD_oKXZQUvOqYA3dDhfw,twitter_akvJXN2XTN2LgwQ5dyN8-w,0.0,0.0,0.0,0.0,0.0,0.00040999948396347463,0.0,0.0,0.0
twitter_dDkD_oKXZQUvOqYA3dDhfw,twitter_mlzZw0iYHR9X3Um-lkfK1A,0.0,0.0,0.0,0.005143797490745783,0.0,0.0,0.0,0.0,0.0
twitter_dDkD_oKXZQUvOqYA3dDhfw,twitter_r5eOB-3g_2NwtsiZv-GwFw,0.0,0.0,0.0,0.001501079648733139,0.0,0.0,0.0,0.0,0.0
twitter_dDkD_oKXZQUvOqYA3dDhfw,twitter_rD1m5it6FkbNJA3tDtrDGA,0.0,0.0,0.0,0.0010414449498057363,0.0,0.0,0.0,0.0,0.0
twitter_dDkD_oKXZQUvOqYA3dDhfw,twitter_rYfYC5fVjAXW0tDvNB7t1Q,0.0,0.0,0.0,0.002635180251672864,0.0,0.0,0.0,0.0,0.0
twitter_dDkD_oKXZQUvOqYA3dDhfw,twitter_ttV2shkYetHFN2npkvnCEw,0.0,0.0,0.0,0.0,0.0,6.000540452077985e-05,0.0,0.0,0.0
twitter_dDkD_oKXZQUvOqYA3dDhfw,twitter_xEHHH8r-dicIwU_4t_zlyg,0.0,0.0,0.0,0.0014166469918563962,0.0,0.0,0.0,0.0,0.0
twitter_dDkD_oKXZQUvOqYA3dDhfw,twitter_zOfdbmzmQ1fYGRWTuAFPZg,0.0,0.0,0.0,0.001241622376255691,0.0,0.0,0.0,0.0,0.0
twitter_dkmbuDByuv1PyA5ZXoDmRQ,twitter_DWKVMGIghRWfeKP3ZDuyOg,0.0,0.0,0.00029029123834334314,0.0,0.0,0.0,0.0,0.0,0.0
twitter_dkmbuDByuv1PyA5ZXoDmRQ,twitter_FQcXC4SaV3eoNkIQDprs8Q,0.0,0.0,0.003004151163622737,0.0,0.0,0.0,0.0,0.0,0.0
twitter_dkmbuDByuv1PyA5ZXoDmRQ,twitter_akvJXN2XTN2LgwQ5dyN8-w,0.0,0.0,0.0006222351221367718,0.0,0.0,0.0,0.0,0.0,0.0
twitter_dkmbuDByuv1PyA5ZXoDmRQ,twitter_bi-ts9pxCacRWJ5YElmqUQ,0.0005682650953531264,0.0,0.0,0.0,0.0,0.0,0.0,0.0,0.0
twitter_dkmbuDByuv1PyA5ZXoDmRQ,twitter_mlzZw0iYHR9X3Um-lkfK1A,0.0034884593915194273,0.0,0.0,0.0,0.0,0.0,0.0,0.0,0.0
twitter_dkmbuDByuv1PyA5ZXoDmRQ,twitter_rYfYC5fVjAXW0tDvNB7t1Q,0.0012430795468389988,0.0,0.0,0.0,0.0,0.0,0.0,0.0,0.0
twitter_dkmbuDByuv1PyA5ZXoDmRQ,twitter_tU6NT22sRhjqJbqHRRqMOg,0.0,0.0,0.0002547715557739138,0.0,0.0,0.0,0.0,0.0,0.0
twitter_dkmbuDByuv1PyA5ZXoDmRQ,twitter_ttV2shkYetHFN2npkvnCEw,0.0,0.0,0.0014812399167567492,0.0,0.0,0.0,0.0,0.0,0.0
twitter_dkmbuDByuv1PyA5ZXoDmRQ,twitter_xEHHH8r-dicIwU_4t_zlyg,8.065091242315248e-05,0.0,0.0,0.0,0.0,0.0,0.0,0.0,0.0
twitter_dkmbuDByuv1PyA5ZXoDmRQ,twitter_z66VtwJE13KKmco-W8vsYA,0.0006512929685413837,0.0,0.0,0.0,0.0,0.0,0.0,0.0,0.0
twitter_dkmbuDByuv1PyA5ZXoDmRQ,twitter_zOfdbmzmQ1fYGRWTuAFPZg,1.6919182598940093e-05,0.0,0.0,0.0,0.0,0.0,0.0,0.0,0.0
twitter_gD5snJE1Sn23CGmA5aT3Gw,twitter_mlzZw0iYHR9X3Um-lkfK1A,0.003626883495599032,0.0,0.0,0.0,0.0,0.0,0.0,0.0,0.0
twitter_goJCw2NOHhe_S4wkpFPgvA,twitter_mlzZw0iYHR9X3Um-lkfK1A,0.0037043138872832064,0.0,0.0,0.0,0.0,0.0,0.0,0.0,0.0
twitter_iCaV7QtjYt7BnsvR_frRXA,twitter_IdwthJZBvDFusOio9zKh8Q,0.0007221723790280522,0.0,0.0,0.0,0.0,0.0,0.0,0.0,0.0
twitter_iCaV7QtjYt7BnsvR_frRXA,twitter_NUKtxXRjdd2KVaOyFea02Q,0.0,0.00016568035061936826,0.0,0.0,0.0,0.0,0.0,0.0,0.0
twitter_iCaV7QtjYt7BnsvR_frRXA,twitter_tU6NT22sRhjqJbqHRRqMOg,0.0,0.0,0.00016745821631047875,0.0,0.0,0.0,0.0,0.0,0.0
twitter_iCaV7QtjYt7BnsvR_frRXA,twitter_xEHHH8r-dicIwU_4t_zlyg,0.00018322368850931523,0.0,0.0,0.0,0.0,0.0,0.0,0.0,0.0
twitter_iCaV7QtjYt7BnsvR_frRXA,twitter_z66VtwJE13KKmco-W8vsYA,0.0004336098791100085,0.0,0.0,0.0,0.0,0.0,0.0,0.0,0.0
twitter_iCaV7QtjYt7BnsvR_frRXA,twitter_zOfdbmzmQ1fYGRWTuAFPZg,0.0002745806414168328,0.0,0.0,0.0,0.0,0.0,0.0,0.0,0.0
twitter_iyQXWov9DI8vrzm_Mf84NA,twitter_d0VG42GZkTSx73afRcJvFg,0.0,0.0,0.0008211405365727843,0.0,0.0,0.0,0.0,0.0,0.0
twitter_iyQXWov9DI8vrzm_Mf84NA,twitter_ttV2shkYetHFN2npkvnCEw,0.0,0.0,0.00022428270312957466,0.0,0.0,0.0,0.0,0.0,0.0
twitter_jI3LH0H7cuGMOzSpHeS5Nw,twitter_mlzZw0iYHR9X3Um-lkfK1A,0.0,0.0,0.0,0.0,0.0,0.0,0.003570365719497204,0.0,0.0
twitter_jI3LH0H7cuGMOzSpHeS5Nw,twitter_xEHHH8r-dicIwU_4t_zlyg,0.0,0.0,0.0,0.0,0.0,0.0,9.845740714808926e-05,0.0,0.0
twitter_jI3LH0H7cuGMOzSpHeS5Nw,twitter_zOfdbmzmQ1fYGRWTuAFPZg,0.0,0.0,0.0,0.0,0.0,0.0,9.735781350173055e-05,0.0,0.0
twitter_juGBJMGkkyrh_kfkV3gRfw,twitter_ttV2shkYetHFN2npkvnCEw,0.0,0.0,0.00032315944554284215,0.0,0.0,0.0,0.0,0.0,0.0
twitter_jzWzvbE8amW2HqLASAG0hw,twitter_-EeSXHn12H8_5E0QJ8g6Eg,0.0,0.0,0.0009275723714381457,0.0,0.0,0.0,0.0,0.0,0.0
twitter_jzWzvbE8amW2HqLASAG0hw,twitter_4UYzH2dOA72aY5tEchbGDg,0.0,0.0014158033300191164,0.0,0.0,0.0,0.0,0.0,0.0,0.0
twitter_jzWzvbE8amW2HqLASAG0hw,twitter_IdwthJZBvDFusOio9zKh8Q,8.712267299415545e-05,0.0,0.0,0.0,0.0,0.0,0.0,0.0,0.0
twitter_jzWzvbE8amW2HqLASAG0hw,twitter_NUKtxXRjdd2KVaOyFea02Q,0.0,0.0007662032730877397,0.0,0.0,0.0,0.0,0.0,0.0,0.0
twitter_jzWzvbE8amW2HqLASAG0hw,twitter_VSExh2FydKVBZI2r3J2eLA,0.00032451280276291067,0.0,0.0,0.0,0.0,0.0,0.0,0.0,0.0
twitter_jzWzvbE8amW2HqLASAG0hw,twitter_akvJXN2XTN2LgwQ5dyN8-w,0.0,0.0,0.0009961194591596725,0.0,0.0,0.0,0.0,0.0,0.0
twitter_jzWzvbE8amW2HqLASAG0hw,twitter_kL_r2cBb6xQLM7e0pM48dg,0.0,0.0,0.001048721605911851,0.0,0.0,0.0,0.0,0.0,0.0
twitter_jzWzvbE8amW2HqLASAG0hw,twitter_lKCLHQDoqH5eOYUm8ZbH-Q,0.0005787398549728098,0.0,0.0,0.0,0.0,0.0,0.0,0.0,0.0
twitter_jzWzvbE8amW2HqLASAG0hw,twitter_mlzZw0iYHR9X3Um-lkfK1A,0.0036525949835777283,0.0,0.0,0.0,0.0,0.0,0.0,0.0,0.0
twitter_jzWzvbE8amW2HqLASAG0hw,twitter_rYfYC5fVjAXW0tDvNB7t1Q,0.001196946483105421,0.0,0.0,0.0,0.0,0.0,0.0,0.0,0.0
twitter_jzWzvbE8amW2HqLASAG0hw,twitter_ttV2shkYetHFN2npkvnCEw,0.0,0.0,0.0007148786680772903,0.0,0.0,0.0,0.0,0.0,0.0
twitter_jzWzvbE8amW2HqLASAG0hw,twitter_xEHHH8r-dicIwU_4t_zlyg,0.0010014439467340708,0.0,0.0,0.0,0.0,0.0,0.0,0.0,0.0
twitter_jzWzvbE8amW2HqLASAG0hw,twitter_zOfdbmzmQ1fYGRWTuAFPZg,0.0009887649212032557,0.0,0.0,0.0,0.0,0.0,0.0,0.0,0.0
twitter_k272gbyBrt4SaIwd1Byegw,twitter_NUKtxXRjdd2KVaOyFea02Q,0.0,0.0,0.0,0.0,0.0,0.0,0.0,0.00031330410274676984,0.0
twitter_k272gbyBrt4SaIwd1Byegw,twitter_tU6NT22sRhjqJbqHRRqMOg,0.0,0.0,0.0,0.0,0.0,0.0,0.0,0.0,0.00021383809507824486
twitter_kL_r2cBb6xQLM7e0pM48dg,twitter_-EeSXHn12H8_5E0QJ8g6Eg,0.0,0.0,0.0,0.0,0.0,0.0,0.0,0.0,0.0004962130333296955
twitter_kL_r2cBb6xQLM7e0pM48dg,twitter_4UYzH2dOA72aY5tEchbGDg,0.0,0.0,0.0,0.0,0.0,0.0,0.0,0.002398101147264242,0.0
twitter_kL_r2cBb6xQLM7e0pM48dg,twitter_DWKVMGIghRWfeKP3ZDuyOg,0.0,0.0,0.0,0.0,0.0,0.0,0.0,0.0,0.0007973417523317039
twitter_kL_r2cBb6xQLM7e0pM48dg,twitter_FQcXC4SaV3eoNkIQDprs8Q,0.0,0.0,0.0,0.0,0.0,0.0,0.0,0.0,0.0002793867024593055
twitter_kL_r2cBb6xQLM7e0pM48dg,twitter_NUKtxXRjdd2KVaOyFea02Q,0.0,0.0,0.0,0.0,0.0,0.0,0.0,0.0016116350889205933,0.0
twitter_kL_r2cBb6xQLM7e0pM48dg,twitter_YECpIN6Wf31c9_uuBEfhQA,0.0,0.0,0.0,0.0,0.0,0.0,0.0,0.0,0.001039491151459515
twitter_kL_r2cBb6xQLM7e0pM48dg,twitter_akvJXN2XTN2LgwQ5dyN8-w,0.0,0.0,0.0,0.0,0.0,0.0,0.0,0.0,0.0013837224105373025
twitter_kL_r2cBb6xQLM7e0pM48dg,twitter_bi-ts9pxCacRWJ5YElmqUQ,0.0,0.0,0.0,0.0,0.0,0.0,0.0009104312630370259,0.0,0.0
twitter_kL_r2cBb6xQLM7e0pM48dg,twitter_d0VG42GZkTSx73afRcJvFg,0.0,0.0,0.0,0.0,0.0,0.0,0.0,0.0,6.811102502979338e-05
twitter_kL_r2cBb6xQLM7e0pM48dg,twitter_mlzZw0iYHR9X3Um-lkfK1A,0.0,0.0,0.0,0.0,0.0,0.0,0.004432882647961378,0.0,0.0
twitter_kL_r2cBb6xQLM7e0pM48dg,twitter_rYfYC5fVjAXW0tDvNB7t1Q,0.0,0.0,0.0,0.0,0.0,0.0,0.0011260295286774635,0.0,0.0
twitter_kL_r2cBb6xQLM7e0pM48dg,twitter_tU6NT22sRhjqJbqHRRqMOg,0.0,0.0,0.0,0.0,0.0,0.0,0.0,0.0,0.0015096114948391914
twitter_kL_r2cBb6xQLM7e0pM48dg,twitter_ttV2shkYetHFN2npkvnCEw,0.0,0.0,0.0,0.0,0.0,0.0,0.0,0.0,0.00015643353981431574
twitter_kL_r2cBb6xQLM7e0pM48dg,twitter_xEHHH8r-dicIwU_4t_zlyg,0.0,0.0,0.0,0.0,0.0,0.0,0.0016401244793087244,0.0,0.0
twitter_kL_r2cBb6xQLM7e0pM48dg,twitter_z66VtwJE13KKmco-W8vsYA,0.0,0.0,0.0,0.0,0.0,0.0,0.000779750116635114,0.0,0.0
twitter_kL_r2cBb6xQLM7e0pM48dg,twitter_zOfdbmzmQ1fYGRWTuAFPZg,0.0,0.0,0.0,0.0,0.0,0.0,0.001355591812171042,0.0,0.0
twitter_l41CO1Xoe-G0ovJeNJu5Jg,twitter_4UYzH2dOA72aY5tEchbGDg,0.0,0.0006170003325678407,0.0,0.0,0.0,0.0,0.0,0.0,0.0
twitter_l41CO1Xoe-G0ovJeNJu5Jg,twitter_NUKtxXRjdd2KVaOyFea02Q,0.0,0.0008906043949536977,0.0,0.0,0.0,0.0,0.0,0.0,0.0
twitter_l41CO1Xoe-G0ovJeNJu5Jg,twitter_xEHHH8r-dicIwU_4t_zlyg,0.0006432393565773964,0.0,0.0,0.0,0.0,0.0,0.0,0.0,0.0
twitter_l41CO1Xoe-G0ovJeNJu5Jg,twitter_zOfdbmzmQ1fYGRWTuAFPZg,0.0004864608345087617,0.0,0.0,0.0,0.0,0.0,0.0,0.0,0.0
twitter_lKCLHQDoqH5eOYUm8ZbH-Q,twitter_-EeSXHn12H8_5E0QJ8g6Eg,0.0,0.0,0.0012306554708629847,0.0,0.0,0.0,0.0,0.0,0.0
twitter_lKCLHQDoqH5eOYUm8ZbH-Q,twitter_4UYzH2dOA72aY5tEchbGDg,0.0,0.0014369518030434847,0.0,0.0,0.0,0.0,0.0,0.0,0.0
twitter_lKCLHQDoqH5eOYUm8ZbH-Q,twitter_619WoIoR1Ab6kIiftv0n-g,0.0009267296409234405,0.0,0.0,0.0,0.0,0.0,0.0,0.0,0.0
twitter_lKCLHQDoqH5eOYUm8ZbH-Q,twitter_7qJmYk_w55tVVV6A8p5AKA,0.0006363324937410653,0.0,0.0,0.0,0.0,0.0,0.0,0.0,0.0
twitter_lKCLHQDoqH5eOYUm8ZbH-Q,twitter_FQcXC4SaV3eoNkIQDprs8Q,0.0,0.0,0.0015175280859693885,0.0,0.0,0.0,0.0,0.0,0.0
twitter_lKCLHQDoqH5eOYUm8ZbH-Q,twitter_GwskN-wt5eMNE1BMdHx9hg,0.0,0.0,0.0005169722717255354,0.0,0.0,0.0,0.0,0.0,0.0
twitter_lKCLHQDoqH5eOYUm8ZbH-Q,twitter_IdwthJZBvDFusOio9zKh8Q,0.001211194321513176,0.0,0.0,0.0,0.0,0.0,0.0,0.0,0.0
twitter_lKCLHQDoqH5eOYUm8ZbH-Q,twitter_NUKtxXRjdd2KVaOyFea02Q,0.0,0.0006161390338093043,0.0,0.0,0.0,0.0,0.0,0.0,0.0
twitter_lKCLHQDoqH5eOYUm8ZbH-Q,twitter_Nemnkekd9zMvvZoZuJYY2g,0.0,0.0,0.00014926015865057707,0.0,0.0,0.0,0.0,0.0,0.0
twitter_lKCLHQDoqH5eOYUm8ZbH-Q,twitter_Nvedctg3vU3LHfC_s9W_qQ,0.0004216619418002665,0.0,0.0,0.0,0.0,0.0,0.0,0.0,0.0
twitter_lKCLHQDoqH5eOYUm8ZbH-Q,twitter_SWeYFNdcY7z_kL3Y_UMRgw,0.00048282492207363253,0.0,0.0,0.0,0.0,0.0,0.0,0.0,0.0
twitter_lKCLHQDoqH5eOYUm8ZbH-Q,twitter__po5lpcKcy8o93rWNj20qQ,0.0,0.0,0.0005406808922998606,0.0,0.0,0.0,0.0,0.0,0.0
twitter_lKCLHQDoqH5eOYUm8ZbH-Q,twitter_kL_r2cBb6xQLM7e0pM48dg,0.0,0.0,0.002006706083193421,0.0,0.0,0.0,0.0,0.0,0.0
twitter_lKCLHQDoqH5eOYUm8ZbH-Q,twitter_mlzZw0iYHR9X3Um-lkfK1A,0.0038420162163674827,0.0,0.0,0.0,0.0,0.0,0.0,0.0,0.0
twitter_lKCLHQDoqH5eOYUm8ZbH-Q,twitter_rYfYC5fVjAXW0tDvNB7t1Q,0.002640634076669812,0.0,0.0,0.0,0.0,0.0,0.0,0.0,0.0
twitter_lKCLHQDoqH5eOYUm8ZbH-Q,twitter_re6YNIMX-kH8x7jFv0coeA,0.0006328680319711566,0.0,0.0,0.0,0.0,0.0,0.0,0.0,0.0
twitter_lKCLHQDoqH5eOYUm8ZbH-Q,twitter_tU6NT22sRhjqJbqHRRqMOg,0.0,0.0,0.001033400883898139,0.0,0.0,0.0,0.0,0.0,0.0
twitter_lKCLHQDoqH5eOYUm8ZbH-Q,twitter_ttV2shkYetHFN2npkvnCEw,0.0,0.0,0.0016202240949496627,0.0,0.0,0.0,0.0,0.0,0.0
twitter_lKCLHQDoqH5eOYUm8ZbH-Q,twitter_xEHHH8r-dicIwU_4t_zlyg,0.001284932019189,0.0,0.0,0.0,0.0,0.0,0.0,0.0,0.0
twitter_lKCLHQDoqH5eOYUm8ZbH-Q,twitter_zOfdbmzmQ1fYGRWTuAFPZg,0.0011945682344958186,0.0,0.0,0.0,0.0,0.0,0.0,0.0,0.0
twitter_l_9yA6K2pah7FJu_T6hl_Q,twitter_tU6NT22sRhjqJbqHRRqMOg,0.0,0.0,0.0,0.0,0.0,0.0003112148551736027,0.0,0.0,0.0
twitter_luhG4dFT7z2RH6S_GqLapQ,twitter_IdwthJZBvDFusOio9zKh8Q,4.931876901537179e-05,0.0,0.0,0.0,0.0,0.0,0.0,0.0,0.0
twitter_luhG4dFT7z2RH6S_GqLapQ,twitter_akvJXN2XTN2LgwQ5dyN8-w,0.0,0.0,0.00025084687513299286,0.0,0.0,0.0,0.0,0.0,0.0
twitter_luhG4dFT7z2RH6S_GqLapQ,twitter_dkmbuDByuv1PyA5ZXoDmRQ,0.00032106545404531067,0.0,0.0,0.0,0.0,0.0,0.0,0.0,0.0
twitter_luhG4dFT7z2RH6S_GqLapQ,twitter_mlzZw0iYHR9X3Um-lkfK1A,0.003512317780405283,0.0,0.0,0.0,0.0,0.0,0.0,0.0,0.0
twitter_luhG4dFT7z2RH6S_GqLapQ,twitter_tU6NT22sRhjqJbqHRRqMOg,0.0,0.0,0.00035159045364707714,0.0,0.0,0.0,0.0,0.0,0.0
twitter_luhG4dFT7z2RH6S_GqLapQ,twitter_z66VtwJE13KKmco-W8vsYA,4.878473191638477e-05,0.0,0.0,0.0,0.0,0.0,0.0,0.0,0.0
twitter_mlzZw0iYHR9X3Um-lkfK1A,twitter_-EeSXHn12H8_5E0QJ8g6Eg,0.0,0.0,0.0014664141926914456,0.0,0.0,0.0,0.0,0.0,0.0
twitter_mlzZw0iYHR9X3Um-lkfK1A,twitter_4UYzH2dOA72aY5tEchbGDg,0.0,0.003566842991858721,0.0,0.0,0.0,0.0,0.0,0.0,0.0
twitter_mlzZw0iYHR9X3Um-lkfK1A,twitter_619WoIoR1Ab6kIiftv0n-g,0.0010072201257571578,0.0,0.0,0.0,0.0,0.0,0.0,0.0,0.0
twitter_mlzZw0iYHR9X3Um-lkfK1A,twitter_7qJmYk_w55tVVV6A8p5AKA,0.0024773182813078165,0.0,0.0,0.0,0.0,0.0,0.0,0.0,0.0
twitter_mlzZw0iYHR9X3Um-lkfK1A,twitter_DWKVMGIghRWfeKP3ZDuyOg,0.0,0.0,0.0012976746074855328,0.0,0.0,0.0,0.0,0.0,0.0
twitter_mlzZw0iYHR9X3Um-lkfK1A,twitter_FQcXC4SaV3eoNkIQDprs8Q,0.0,0.0,0.002916440600529313,0.0,0.0,0.0,0.0,0.0,0.0
twitter_mlzZw0iYHR9X3Um-lkfK1A,twitter_IdwthJZBvDFusOio9zKh8Q,0.001894087065011263,0.0,0.0,0.0,0.0,0.0,0.0,0.0,0.0
twitter_mlzZw0iYHR9X3Um-lkfK1A,twitter_NUKtxXRjdd2KVaOyFea02Q,0.0,0.00198946800082922,0.0,0.0,0.0,0.0,0.0,0.0,0.0
twitter_mlzZw0iYHR9X3Um-lkfK1A,twitter_Nemnkekd9zMvvZoZuJYY2g,0.0,0.0,0.0004542746755760163,0.0,0.0,0.0,0.0,0.0,0.0
twitter_mlzZw0iYHR9X3Um-lkfK1A,twitter_VSExh2FydKVBZI2r3J2eLA,0.0012410706840455534,0.0,0.0,0.0,0.0,0.0,0.0,0.0,0.0
twitter_mlzZw0iYHR9X3Um-lkfK1A,twitter_YECpIN6Wf31c9_uuBEfhQA,0.0,0.0,0.001003895653411746,0.0,0.0,0.0,0.0,0.0,0.0
twitter_mlzZw0iYHR9X3Um-lkfK1A,twitter_akvJXN2XTN2LgwQ5dyN8-w,0.0,0.0,0.000960937701165676,0.0,0.0,0.0,0.0,0.0,0.0
twitter_mlzZw0iYHR9X3Um-lkfK1A,twitter_bi-ts9pxCacRWJ5YElmqUQ,0.0008294094586744907,0.0,0.0,0.0,0.0,0.0,0.0,0.0,0.0
twitter_mlzZw0iYHR9X3Um-lkfK1A,twitter_dkmbuDByuv1PyA5ZXoDmRQ,0.0015977387083694339,0.0,0.0,0.0,0.0,0.0,0.0,0.0,0.0
twitter_mlzZw0iYHR9X3Um-lkfK1A,twitter_goJCw2NOHhe_S4wkpFPgvA,0.00016591248277109116,0.0,0.0,0.0,0.0,0.0,0.0,0.0,0.0
twitter_mlzZw0iYHR9X3Um-lkfK1A,twitter_kL_r2cBb6xQLM7e0pM48dg,0.0,0.0,0.0023086387664079666,0.0,0.0,0.0,0.0,0.0,0.0
twitter_mlzZw0iYHR9X3Um-lkfK1A,twitter_lKCLHQDoqH5eOYUm8ZbH-Q,0.0020575423259288073,0.0,0.0,0.0,0.0,0.0,0.0,0.0,0.0
twitter_mlzZw0iYHR9X3Um-lkfK1A,twitter_rD1m5it6FkbNJA3tDtrDGA,0.0001278409326914698,0.0,0.0,0.0,0.0,0.0,0.0,0.0,0.0
twitter_mlzZw0iYHR9X3Um-lkfK1A,twitter_rYfYC5fVjAXW0tDvNB7t1Q,0.0014589802594855428,0.0,0.0,0.0,0.0,0.0,0.0,0.0,0.0
twitter_mlzZw0iYHR9X3Um-lkfK1A,twitter_tU6NT22sRhjqJbqHRRqMOg,0.0,0.0,0.004591440781950951,0.0,0.0,0.0,0.0,0.0,0.0
twitter_mlzZw0iYHR9X3Um-lkfK1A,twitter_xEHHH8r-dicIwU_4t_zlyg,0.0038428890984505415,0.0,0.0,0.0,0.0,0.0,0.0,0.0,0.0
twitter_mlzZw0iYHR9X3Um-lkfK1A,twitter_z66VtwJE13KKmco-W8vsYA,0.0016870832769200206,0.0,0.0,0.0,0.0,0.0,0.0,0.0,0.0
twitter_mlzZw0iYHR9X3Um-lkfK1A,twitter_zOfdbmzmQ1fYGRWTuAFPZg,0.003733546007424593,0.0,0.0,0.0,0.0,0.0,0.0,0.0,0.0
twitter_oaGU8X40iDfLjmDxhZFgew,twitter_lKCLHQDoqH5eOYUm8ZbH-Q,0.0005198445869609714,0.0,0.0,0.0,0.0,0.0,0.0,0.0,0.0
twitter_oaGU8X40iDfLjmDxhZFgew,twitter_mlzZw0iYHR9X3Um-lkfK1A,0.0035969482269138093,0.0,0.0,0.0,0.0,0.0,0.0,0.0,0.0
twitter_oaGU8X40iDfLjmDxhZFgew,twitter_xEHHH8r-dicIwU_4t_zlyg,0.0003922884352505207,0.0,0.0,0.0,0.0,0.0,0.0,0.0,0.0
twitter_oaGU8X40iDfLjmDxhZFgew,twitter_zOfdbmzmQ1fYGRWTuAFPZg,0.00037718244129791856,0.0,0.0,0.0,0.0,0.0,0.0,0.0,0.0
twitter_okex3O8Vn07ne7F4zHaguQ,twitter_7qJmYk_w55tVVV6A8p5AKA,0.0002794240426737815,0.0,0.0,0.0,0.0,0.0,0.0,0.0,0.0
twitter_okex3O8Vn07ne7F4zHaguQ,twitter_NUKtxXRjdd2KVaOyFea02Q,0.0,0.0002650571695994586,0.0,0.0,0.0,0.0,0.0,0.0,0.0
twitter_okex3O8Vn07ne7F4zHaguQ,twitter_mlzZw0iYHR9X3Um-lkfK1A,0.004626696929335594,0.0,0.0,0.0,0.0,0.0,0.0,0.0,0.0
twitter_okex3O8Vn07ne7F4zHaguQ,twitter_r5eOB-3g_2NwtsiZv-GwFw,0.00051413121400401,0.0,0.0,0.0,0.0,0.0,0.0,0.0,0.0
twitter_okex3O8Vn07ne7F4zHaguQ,twitter_tU6NT22sRhjqJbqHRRqMOg,0.0,0.0,0.0006526131182909013,0.0,0.0,0.0,0.0,0.0,0.0
twitter_okex3O8Vn07ne7F4zHaguQ,twitter_ttV2shkYetHFN2npkvnCEw,0.0,0.0,0.0011335229501128195,0.0,0.0,0.0,0.0,0.0,0.0
twitter_okex3O8Vn07ne7F4zHaguQ,twitter_uBDmalTcYEGIM8Ap0JvXDw,0.00042894628131762147,0.0,0.0,0.0,0.0,0.0,0.0,0.0,0.0
twitter_okex3O8Vn07ne7F4zHaguQ,twitter_xEHHH8r-dicIwU_4t_zlyg,0.00022335986432153726,0.0,0.0,0.0,0.0,0.0,0.0,0.0,0.0
twitter_okex3O8Vn07ne7F4zHaguQ,twitter_zOfdbmzmQ1fYGRWTuAFPZg,0.0005277907475829124,0.0,0.0,0.0,0.0,0.0,0.0,0.0,0.0
twitter_r5eOB-3g_2NwtsiZv-GwFw,twitter_4UYzH2dOA72aY5tEchbGDg,0.0,0.0013488903641700745,0.0,0.0,0.0,0.0,0.0,0.0,0.0
twitter_r5eOB-3g_2NwtsiZv-GwFw,twitter_FQcXC4SaV3eoNkIQDprs8Q,0.0,0.0,0.0007600684184581041,0.0,0.0,0.0,0.0,0.0,0.0
twitter_r5eOB-3g_2NwtsiZv-GwFw,twitter_IdwthJZBvDFusOio9zKh8Q,0.002137999050319195,0.0,0.0,0.0,0.0,0.0,0.0,0.0,0.0
twitter_r5eOB-3g_2NwtsiZv-GwFw,twitter_NUKtxXRjdd2KVaOyFea02Q,0.0,0.0015757882501929998,0.0,0.0,0.0,0.0,0.0,0.0,0.0
twitter_r5eOB-3g_2NwtsiZv-GwFw,twitter_akvJXN2XTN2LgwQ5dyN8-w,0.0,0.0,0.0007794532575644553,0.0,0.0,0.0,0.0,0.0,0.0
twitter_r5eOB-3g_2NwtsiZv-GwFw,twitter_bi-ts9pxCacRWJ5YElmqUQ,0.00047382095362991095,0.0,0.0,0.0,0.0,0.0,0.0,0.0,0.0
twitter_r5eOB-3g_2NwtsiZv-GwFw,twitter_mlzZw0iYHR9X3Um-lkfK1A,0.0048385998234152785,0.0,0.0,0.0,0.0,0.0,0.0,0.0,0.0
twitter_r5eOB-3g_2NwtsiZv-GwFw,twitter_rD1m5it6FkbNJA3tDtrDGA,0.0005515487864613533,0.0,0.0,0.0,0.0,0.0,0.0,0.0,0.0
twitter_r5eOB-3g_2NwtsiZv-GwFw,twitter_rYfYC5fVjAXW0tDvNB7t1Q,0.001778658595867455,0.0,0.0,0.0,0.0,0.0,0.0,0.0,0.0
twitter_r5eOB-3g_2NwtsiZv-GwFw,twitter_xEHHH8r-dicIwU_4t_zlyg,0.0021459634881466627,0.0,0.0,0.0,0.0,0.0,0.0,0.0,0.0
twitter_r5eOB-3g_2NwtsiZv-GwFw,twitter_z66VtwJE13KKmco-W8vsYA,0.002278450410813093,0.0,0.0,0.0,0.0,0.0,0.0,0.0,0.0
twitter_r5eOB-3g_2NwtsiZv-GwFw,twitter_zOfdbmzmQ1fYGRWTuAFPZg,0.0013885721564292908,0.0,0.0,0.0,0.0,0.0,0.0,0.0,0.0
twitter_rASKCIsZXinlfEXCmFs4Sw,twitter_7qJmYk_w55tVVV6A8p5AKA,0.0002980761928483844,0.0,0.0,0.0,0.0,0.0,0.0,0.0,0.0
twitter_rASKCIsZXinlfEXCmFs4Sw,twitter_lKCLHQDoqH5eOYUm8ZbH-Q,0.0008964076405391098,0.0,0.0,0.0,0.0,0.0,0.0,0.0,0.0
twitter_rASKCIsZXinlfEXCmFs4Sw,twitter_ttV2shkYetHFN2npkvnCEw,0.0,0.0,0.000258075597230345,0.0,0.0,0.0,0.0,0.0,0.0
twitter_rASKCIsZXinlfEXCmFs4Sw,twitter_xEHHH8r-dicIwU_4t_zlyg,0.00018083339091390369,0.0,0.0,0.0,0.0,0.0,0.0,0.0,0.0
twitter_rD1m5it6FkbNJA3tDtrDGA,twitter_4UYzH2dOA72aY5tEchbGDg,0.0,0.0004878934705629944,0.0,0.0,0.0,0.0,0.0,0.0,0.0
twitter_rD1m5it6FkbNJA3tDtrDGA,twitter_IdwthJZBvDFusOio9zKh8Q,0.0003959474852308632,0.0,0.0,0.0,0.0,0.0,0.0,0.0,0.0
twitter_rD1m5it6FkbNJA3tDtrDGA,twitter_NUKtxXRjdd2KVaOyFea02Q,0.0,0.0014794038143008947,0.0,0.0,0.0,0.0,0.0,0.0,0.0
twitter_rD1m5it6FkbNJA3tDtrDGA,twitter_Nvedctg3vU3LHfC_s9W_qQ,0.001836477080360055,0.0,0.0,0.0,0.0,0.0,0.0,0.0,0.0
twitter_rD1m5it6FkbNJA3tDtrDGA,twitter_akvJXN2XTN2LgwQ5dyN8-w,0.0,0.0,0.0004084960964974016,0.0,0.0,0.0,0.0,0.0,0.0
twitter_rD1m5it6FkbNJA3tDtrDGA,twitter_mlzZw0iYHR9X3Um-lkfK1A,0.0035817956086248155,0.0,0.0,0.0,0.0,0.0,0.0,0.0,0.0
twitter_rD1m5it6FkbNJA3tDtrDGA,twitter_r5eOB-3g_2NwtsiZv-GwFw,0.0030801051761955023,0.0,0.0,0.0,0.0,0.0,0.0,0.0,0.0
twitter_rD1m5it6FkbNJA3tDtrDGA,twitter_rYfYC5fVjAXW0tDvNB7t1Q,0.00038374878931790585,0.0,0.0,0.0,0.0,0.0,0.0,0.0,0.0
twitter_rD1m5it6FkbNJA3tDtrDGA,twitter_tU6NT22sRhjqJbqHRRqMOg,0.0,0.0,0.0002020508545683697,0.0,0.0,0.0,0.0,0.0,0.00024403109273407608
twitter_rD1m5it6FkbNJA3tDtrDGA,twitter_uBDmalTcYEGIM8Ap0JvXDw,0.004692846443504095,0.0,0.0,0.0,0.0,0.0,0.0,0.0,0.0
twitter_rD1m5it6FkbNJA3tDtrDGA,twitter_xEHHH8r-dicIwU_4t_zlyg,0.002492096507921815,0.0,0.0,0.0,0.0,0.0,0.0001824567880248651,0.0,0.0
twitter_rD1m5it6FkbNJA3tDtrDGA,twitter_z66VtwJE13KKmco-W8vsYA,0.0004889516276307403,0.0,0.0,0.0,0.0,0.0,0.0,0.0,0.0
twitter_rD1m5it6FkbNJA3tDtrDGA,twitter_zOfdbmzmQ1fYGRWTuAFPZg,0.0011904197745025158,0.0,0.0,0.0,0.0,0.0,0.00027107284404337406,0.0,0.0
twitter_rUrZ6ZHAJvHrOZnUAJkjCQ,twitter_tU6NT22sRhjqJbqHRRqMOg,0.0,0.0,0.001033375971019268,0.0,0.0,0.0,0.0,0.0,0.0
twitter_rW6xxTD_Y9GoirgPLYrH4g,twitter_4UYzH2dOA72aY5tEchbGDg,0.0,5.700172914657742e-05,0.0,0.0,0.0,0.0,0.0,0.0,0.0
twitter_rW6xxTD_Y9GoirgPLYrH4g,twitter_7qJmYk_w55tVVV6A8p5AKA,0.0004644948930945248,0.0,0.0,0.0,0.0,0.0,0.0,0.0,0.0
twitter_rW6xxTD_Y9GoirgPLYrH4g,twitter_IdwthJZBvDFusOio9zKh8Q,0.00016224644787143916,0.0,0.0,0.0,0.0,0.0,0.0,0.0,0.0
twitter_rW6xxTD_Y9GoirgPLYrH4g,twitter_NUKtxXRjdd2KVaOyFea02Q,0.0,0.00016994726320262998,0.0,0.0,0.0,0.0,0.0,0.0,0.0
twitter_rW6xxTD_Y9GoirgPLYrH4g,twitter_Nemnkekd9zMvvZoZuJYY2g,0.0,0.0,0.000924116640817374,0.0,0.0,0.0,0.0,0.0,0.0
twitter_rW6xxTD_Y9GoirgPLYrH4g,twitter__po5lpcKcy8o93rWNj20qQ,0.0,0.0,0.00032330641988664865,0.0,0.0,0.0,0.0,0.0,0.0
twitter_rW6xxTD_Y9GoirgPLYrH4g,twitter_d0VG42GZkTSx73afRcJvFg,0.0,0.0,0.0010532562155276537,0.0,0.0,0.0,0.0,0.0,0.0
twitter_rW6xxTD_Y9GoirgPLYrH4g,twitter_dkmbuDByuv1PyA5ZXoDmRQ,0.0006533173145726322,0.0,0.0,0.0,0.0,0.0,0.0,0.0,0.0
twitter_rW6xxTD_Y9GoirgPLYrH4g,twitter_lKCLHQDoqH5eOYUm8ZbH-Q,0.0005730315460823476,0.0,0.0,0.0,0.0,0.0,0.0,0.0,0.0
twitter_rW6xxTD_Y9GoirgPLYrH4g,twitter_mlzZw0iYHR9X3Um-lkfK1A,0.0042674695141613475,0.0,0.0,0.0,0.0,0.0,0.0,0.0,0.0
twitter_rW6xxTD_Y9GoirgPLYrH4g,twitter_r5eOB-3g_2NwtsiZv-GwFw,0.001242609927430749,0.0,0.0,0.0,0.0,0.0,0.0,0.0,0.0
twitter_rW6xxTD_Y9GoirgPLYrH4g,twitter_rYfYC5fVjAXW0tDvNB7t1Q,0.001382770948112011,0.0,0.0,0.0,0.0,0.0,0.0,0.0,0.0
twitter_rW6xxTD_Y9GoirgPLYrH4g,twitter_tU6NT22sRhjqJbqHRRqMOg,0.0,0.0,0.0004207455494906753,0.0,0.0,0.0,0.0,0.0,0.0
twitter_rW6xxTD_Y9GoirgPLYrH4g,twitter_uBDmalTcYEGIM8Ap0JvXDw,0.0008502575801685452,0.0,0.0,0.0,0.0,0.0,0.0,0.0,0.0
twitter_rW6xxTD_Y9GoirgPLYrH4g,twitter_xEHHH8r-dicIwU_4t_zlyg,0.00012617856555152684,0.0,0.0,0.0,0.0,0.0,0.0,0.0,0.0
twitter_rYfYC5fVjAXW0tDvNB7t1Q,twitter_4UYzH2dOA72aY5tEchbGDg,0.0,0.003714529098942876,0.0,0.0,0.0,0.0,0.0,0.0,0.0
twitter_rYfYC5fVjAXW0tDvNB7t1Q,twitter_619WoIoR1Ab6kIiftv0n-g,0.0027290808502584696,0.0,0.0,0.0,0.0,0.0,0.0,0.0,0.0
twitter_rYfYC5fVjAXW0tDvNB7t1Q,twitter_DWKVMGIghRWfeKP3ZDuyOg,0.0,0.0,0.00033178229932673275,0.0,0.0,0.0,0.0,0.0,0.0
twitter_rYfYC5fVjAXW0tDvNB7t1Q,twitter_FQcXC4SaV3eoNkIQDprs8Q,0.0,0.0,0.00020232675888109952,0.0,0.0,0.0,0.0,0.0,0.0
twitter_rYfYC5fVjAXW0tDvNB7t1Q,twitter_GwskN-wt5eMNE1BMdHx9hg,0.0,0.0,0.002211415208876133,0.0,0.0,0.0,0.0,0.0,0.0
twitter_rYfYC5fVjAXW0tDvNB7t1Q,twitter_IdwthJZBvDFusOio9zKh8Q,0.000955931784119457,0.0,0.0,0.0,0.0,0.0,0.0,0.0,0.0
twitter_rYfYC5fVjAXW0tDvNB7t1Q,twitter_LuBE7N244AUZQl3SJCAnQw,0.0,0.0,0.0003199740604031831,0.0,0.0,0.0,0.0,0.0,0.0
twitter_rYfYC5fVjAXW0tDvNB7t1Q,twitter_NUKtxXRjdd2KVaOyFea02Q,0.0,0.002759973052889109,0.0,0.0,0.0,0.0,0.0,0.0,0.0
twitter_rYfYC5fVjAXW0tDvNB7t1Q,twitter_Nemnkekd9zMvvZoZuJYY2g,0.0,0.0,0.0007371892570517957,0.0,0.0,0.0,0.0,0.0,0.0
twitter_rYfYC5fVjAXW0tDvNB7t1Q,twitter__po5lpcKcy8o93rWNj20qQ,0.0,0.0,0.00040615539182908833,0.0,0.0,0.0,0.0,0.0,0.0
twitter_rYfYC5fVjAXW0tDvNB7t1Q,twitter_akvJXN2XTN2LgwQ5dyN8-w,0.0,0.0,0.000983738456852734,0.0,0.0,0.0,0.0,0.0,0.0
twitter_rYfYC5fVjAXW0tDvNB7t1Q,twitter_kL_r2cBb6xQLM7e0pM48dg,0.0,0.0,0.001232398208230734,0.0,0.0,0.0,0.0,0.0,0.0
twitter_rYfYC5fVjAXW0tDvNB7t1Q,twitter_lKCLHQDoqH5eOYUm8ZbH-Q,0.002728545106947422,0.0,0.0,0.0,0.0,0.0,0.0,0.0,0.0
twitter_rYfYC5fVjAXW0tDvNB7t1Q,twitter_mlzZw0iYHR9X3Um-lkfK1A,0.003983840811997652,0.0,0.0,0.0,0.0,0.0,0.0,0.0,0.0
twitter_rYfYC5fVjAXW0tDvNB7t1Q,twitter_r5eOB-3g_2NwtsiZv-GwFw,0.000964694656431675,0.0,0.0,0.0,0.0,0.0,0.0,0.0,0.0
twitter_rYfYC5fVjAXW0tDvNB7t1Q,twitter_tU6NT22sRhjqJbqHRRqMOg,0.0,0.0,0.00108675891533494,0.0,0.0,0.0,0.0,0.0,0.0
twitter_rYfYC5fVjAXW0tDvNB7t1Q,twitter_ttV2shkYetHFN2npkvnCEw,0.0,0.0,0.0013109137071296573,0.0,0.0,0.0,0.0,0.0,0.0
twitter_rYfYC5fVjAXW0tDvNB7t1Q,twitter_uBDmalTcYEGIM8Ap0JvXDw,0.0006262484239414334,0.0,0.0,0.0,0.0,0.0,0.0,0.0,0.0
twitter_rYfYC5fVjAXW0tDvNB7t1Q,twitter_xEHHH8r-dicIwU_4t_zlyg,0.003387909149751067,0.0,0.0,0.0,0.0,0.0,0.0,0.0,0.0
twitter_rYfYC5fVjAXW0tDvNB7t1Q,twitter_z66VtwJE13KKmco-W8vsYA,0.0012575326254591346,0.0,0.0,0.0,0.0,0.0,0.0,0.0,0.0
twitter_rYfYC5fVjAXW0tDvNB7t1Q,twitter_zOfdbmzmQ1fYGRWTuAFPZg,0.002905060537159443,0.0,0.0,0.0,0.0,0.0,0.0,0.0,0.0
twitter_re6YNIMX-kH8x7jFv0coeA,twitter_lKCLHQDoqH5eOYUm8ZbH-Q,0.0008561070426367222,0.0,0.0,0.0,0.0,0.0,0.0,0.0,0.0
twitter_sUtYMohqFJO0zslHxFfjAw,twitter_DWKVMGIghRWfeKP3ZDuyOg,0.0,0.0,0.0007877565221861005,0.0,0.0,0.0,0.0,0.0,0.0
twitter_sUtYMohqFJO0zslHxFfjAw,twitter_FQcXC4SaV3eoNkIQDprs8Q,0.0,0.0,0.001895753899589181,0.0,0.0,0.0,0.0,0.0,0.0
twitter_sUtYMohqFJO0zslHxFfjAw,twitter_IdwthJZBvDFusOio9zKh8Q,0.0002591373340692371,0.0,0.0,0.0,0.0,0.0,0.0,0.0,0.0
twitter_sUtYMohqFJO0zslHxFfjAw,twitter_YECpIN6Wf31c9_uuBEfhQA,0.0,0.0,0.00037359766429290175,0.0,0.0,0.0,0.0,0.0,0.0
twitter_sUtYMohqFJO0zslHxFfjAw,twitter_dkmbuDByuv1PyA5ZXoDmRQ,0.0008853150648064912,0.0,0.0,0.0,0.0,0.0,0.0,0.0,0.0
twitter_sUtYMohqFJO0zslHxFfjAw,twitter_mlzZw0iYHR9X3Um-lkfK1A,0.0035441084764897828,0.0,0.0,0.0,0.0,0.0,0.0,0.0,0.0
twitter_sUtYMohqFJO0zslHxFfjAw,twitter_z66VtwJE13KKmco-W8vsYA,0.0002639362355694175,0.0,0.0,0.0,0.0,0.0,0.0,0.0,0.0
twitter_tU6NT22sRhjqJbqHRRqMOg,twitter_-EeSXHn12H8_5E0QJ8g6Eg,0.0,0.0,0.0,0.0,0.0,0.0,0.0,0.0,0.004182974807918072
twitter_tU6NT22sRhjqJbqHRRqMOg,twitter_4UYzH2dOA72aY5tEchbGDg,0.0,0.0,0.0,0.0,0.0,0.0,0.0,0.002966337138786912,0.0
twitter_tU6NT22sRhjqJbqHRRqMOg,twitter_7qJmYk_w55tVVV6A8p5AKA,0.0,0.0,0.0,0.0,0.0,0.0,0.0010954117169603703,0.0,0.0
twitter_tU6NT22sRhjqJbqHRRqMOg,twitter_FQcXC4SaV3eoNkIQDprs8Q,0.0,0.0,0.0,0.0,0.0,0.0,0.0,0.0,0.0024663980584591627
twitter_tU6NT22sRhjqJbqHRRqMOg,twitter_GwskN-wt5eMNE1BMdHx9hg,0.0,0.0,0.0,0.0,0.0,0.0,0.0,0.0,0.003393874503672123
twitter_tU6NT22sRhjqJbqHRRqMOg,twitter_IdwthJZBvDFusOio9zKh8Q,0.0,0.0,0.0,0.0,0.0,0.0,0.00161515676882118,0.0,0.0
twitter_tU6NT22sRhjqJbqHRRqMOg,twitter_LuBE7N244AUZQl3SJCAnQw,0.0,0.0,0.0,0.0,0.0,0.0,0.0,0.0,0.0005963974399492145
twitter_tU6NT22sRhjqJbqHRRqMOg,twitter_NUKtxXRjdd2KVaOyFea02Q,0.0,0.0,0.0,0.0,0.0,0.0,0.0,0.002017279388383031,0.0
twitter_tU6NT22sRhjqJbqHRRqMOg,twitter_Nemnkekd9zMvvZoZuJYY2g,0.0,0.0,0.0,0.0,0.0,0.0,0.0,0.0,0.0012187794782221315
twitter_tU6NT22sRhjqJbqHRRqMOg,twitter_SWeYFNdcY7z_kL3Y_UMRgw,0.0,0.0,0.0,0.0,0.0,0.0,0.00010791738168336451,0.0,0.0
twitter_tU6NT22sRhjqJbqHRRqMOg,twitter_VSExh2FydKVBZI2r3J2eLA,0.0,0.0,0.0,0.0,0.0,0.0,0.0014233528636395931,0.0,0.0
twitter_tU6NT22sRhjqJbqHRRqMOg,twitter__po5lpcKcy8o93rWNj20qQ,0.0,0.0,0.0,0.0,0.0,0.0,0.0,0.0,0.0015229745768010616
twitter_tU6NT22sRhjqJbqHRRqMOg,twitter_akvJXN2XTN2LgwQ5dyN8-w,0.0,0.0,0.0,0.0,0.0,0.0,0.0,0.0,0.0014915029751136901
twitter_tU6NT22sRhjqJbqHRRqMOg,twitter_bi-ts9pxCacRWJ5YElmqUQ,0.0,0.0,0.0,0.0,0.0,0.0,0.002369345864281059,0.0,0.0
twitter_tU6NT22sRhjqJbqHRRqMOg,twitter_d0VG42GZkTSx73afRcJvFg,0.0,0.0,0.0,0.0,0.0,0.0,0.0,0.0,0.003225831314921379
twitter_tU6NT22sRhjqJbqHRRqMOg,twitter_dkmbuDByuv1PyA5ZXoDmRQ,0.0,0.0,0.0,0.0,0.0,0.0,0.003227503737434745,0.0,0.0
twitter_tU6NT22sRhjqJbqHRRqMOg,twitter_lKCLHQDoqH5eOYUm8ZbH-Q,0.0,0.0,0.0,0.0,0.0,0.0,0.0020357528701424607,0.0,0.0
twitter_tU6NT22sRhjqJbqHRRqMOg,twitter_mlzZw0iYHR9X3Um-lkfK1A,0.0,0.0,0.0,0.0,0.0,0.0,0.005221092142164707,0.0,0.0
twitter_tU6NT22sRhjqJbqHRRqMOg,twitter_r5eOB-3g_2NwtsiZv-GwFw,0.0,0.0,0.0,0.0,0.0,0.0,0.0013592933537438512,0.0,0.0
twitter_tU6NT22sRhjqJbqHRRqMOg,twitter_rD1m5it6FkbNJA3tDtrDGA,0.0,0.0,0.0,0.0,0.0,0.0,0.0003610461426433176,0.0,0.0
twitter_tU6NT22sRhjqJbqHRRqMOg,twitter_rYfYC5fVjAXW0tDvNB7t1Q,0.0,0.0,0.0,0.0,0.0,0.0,0.002761783311143517,0.0,0.0
twitter_tU6NT22sRhjqJbqHRRqMOg,twitter_ttV2shkYetHFN2npkvnCEw,0.0,0.0,0.0,0.0,0.0,0.0,0.0,0.0,0.004019758198410273
twitter_tU6NT22sRhjqJbqHRRqMOg,twitter_uBDmalTcYEGIM8Ap0JvXDw,0.0,0.0,0.0,0.0,0.0,0.0,0.0017097298987209795,0.0,0.0
twitter_tU6NT22sRhjqJbqHRRqMOg,twitter_xEHHH8r-dicIwU_4t_zlyg,0.0,0.0,0.0,0.0,0.0,0.0,0.0032526457216590643,0.0,0.0
twitter_tU6NT22sRhjqJbqHRRqMOg,twitter_z66VtwJE13KKmco-W8vsYA,0.0,0.0,0.0,0.0,0.0,0.0,0.0023218849673867226,0.0,0.0
twitter_tU6NT22sRhjqJbqHRRqMOg,twitter_zOfdbmzmQ1fYGRWTuAFPZg,0.0,0.0,0.0,0.0,0.0,0.0,0.002458023140206933,0.0,0.0
twitter_ttV2shkYetHFN2npkvnCEw,twitter_-EeSXHn12H8_5E0QJ8g6Eg,0.0,0.0,0.0,0.0,0.0,0.0,0.0,0.0,0.0012913544196635485
twitter_ttV2shkYetHFN2npkvnCEw,twitter_4UYzH2dOA72aY5tEchbGDg,0.0,0.0,0.0,0.0,0.0,0.0,0.0,0.002302715787664056,0.0
twitter_ttV2shkYetHFN2npkvnCEw,twitter_7qJmYk_w55tVVV6A8p5AKA,0.0,0.0,0.0,0.0,0.0,0.0,0.0012628668919205663,0.0,0.0
twitter_ttV2shkYetHFN2npkvnCEw,twitter_FQcXC4SaV3eoNkIQDprs8Q,0.0,0.0,0.0,0.0,0.0,0.0,0.0,0.0,0.0003872281813528389
twitter_ttV2shkYetHFN2npkvnCEw,twitter_GwskN-wt5eMNE1BMdHx9hg,0.0,0.0,0.0,0.0,0.0,0.0,0.0,0.0,0.001986569026485085
twitter_ttV2shkYetHFN2npkvnCEw,twitter_IdwthJZBvDFusOio9zKh8Q,0.0,0.0,0.0,0.0,0.0,0.0,0.0002735641610343009,0.0,0.0
twitter_ttV2shkYetHFN2npkvnCEw,twitter_NUKtxXRjdd2KVaOyFea02Q,0.0,0.0,0.0,0.0,0.0,0.0,0.0,0.0020644282922148705,0.0
twitter_ttV2shkYetHFN2npkvnCEw,twitter_VSExh2FydKVBZI2r3J2eLA,0.0,0.0,0.0,0.0,0.0,0.0,0.001203088671900332,0.0,0.0
twitter_ttV2shkYetHFN2npkvnCEw,twitter_akvJXN2XTN2LgwQ5dyN8-w,0.0,0.0,0.0,0.0,0.0,0.0,0.0,0.0,0.001233708462677896
twitter_ttV2shkYetHFN2npkvnCEw,twitter_d0VG42GZkTSx73afRcJvFg,0.0,0.0,0.0,0.0,0.0,0.0,0.0,0.0,0.0012880051508545876
twitter_ttV2shkYetHFN2npkvnCEw,twitter_iyQXWov9DI8vrzm_Mf84NA,0.0,0.0,0.0,0.0,0.0,0.0,0.0005436557112261653,0.0,0.0
twitter_ttV2shkYetHFN2npkvnCEw,twitter_lKCLHQDoqH5eOYUm8ZbH-Q,0.0,0.0,0.0,0.0,0.0,0.0,0.0012837813701480627,0.0,0.0
twitter_ttV2shkYetHFN2npkvnCEw,twitter_mlzZw0iYHR9X3Um-lkfK1A,0.0,0.0,0.0,0.0,0.0,0.0,0.004695841576904058,0.0,0.0
twitter_ttV2shkYetHFN2npkvnCEw,twitter_r5eOB-3g_2NwtsiZv-GwFw,0.0,0.0,0.0,0.0,0.0,0.0,0.0012032503727823494,0.0,0.0
twitter_ttV2shkYetHFN2npkvnCEw,twitter_rD1m5it6FkbNJA3tDtrDGA,0.0,0.0,0.0,0.0,0.0,0.0,0.0007595220231451094,0.0,0.0
twitter_ttV2shkYetHFN2npkvnCEw,twitter_rYfYC5fVjAXW0tDvNB7t1Q,0.0,0.0,0.0,0.0,0.0,0.0,0.0009773178026080134,0.0,0.0
twitter_ttV2shkYetHFN2npkvnCEw,twitter_tU6NT22sRhjqJbqHRRqMOg,0.0,0.0,0.0,0.0,0.0,0.0,0.0,0.0,9.780556138139218e-05
twitter_ttV2shkYetHFN2npkvnCEw,twitter_uBDmalTcYEGIM8Ap0JvXDw,0.0,0.0,0.0,0.0,0.0,0.0,0.0006641667569056152,0.0,0.0
twitter_ttV2shkYetHFN2npkvnCEw,twitter_xEHHH8r-dicIwU_4t_zlyg,0.0,0.0,0.0,0.0,0.0,0.0,0.002158663934096694,0.0,0.0
twitter_ttV2shkYetHFN2npkvnCEw,twitter_z66VtwJE13KKmco-W8vsYA,0.0,0.0,0.0,0.0,0.0,0.0,0.0001384933857480064,0.0,0.0
twitter_ttV2shkYetHFN2npkvnCEw,twitter_zOfdbmzmQ1fYGRWTuAFPZg,0.0,0.0,0.0,0.0,0.0,0.0,0.0020727366209030147,0.0,0.0
twitter_uBDmalTcYEGIM8Ap0JvXDw,twitter_4UYzH2dOA72aY5tEchbGDg,0.0,0.0007175548817031085,0.0,0.0,0.0,0.0,0.0,0.0,0.0
twitter_uBDmalTcYEGIM8Ap0JvXDw,twitter_FQcXC4SaV3eoNkIQDprs8Q,0.0,0.0,0.0008354272576980293,0.0,0.0,0.0,0.0,0.0,0.0
twitter_uBDmalTcYEGIM8Ap0JvXDw,twitter_IdwthJZBvDFusOio9zKh8Q,0.0010830929968506098,0.0,0.0,0.0,0.0,0.0,0.0,0.0,0.0
twitter_uBDmalTcYEGIM8Ap0JvXDw,twitter_NUKtxXRjdd2KVaOyFea02Q,0.0,0.0010840260656550527,0.0,0.0,0.0,0.0,0.0,0.0,0.0
twitter_uBDmalTcYEGIM8Ap0JvXDw,twitter_akvJXN2XTN2LgwQ5dyN8-w,0.0,0.0,0.00027023800066672266,0.0,0.0,0.0,0.0,0.0,0.0
twitter_uBDmalTcYEGIM8Ap0JvXDw,twitter_bi-ts9pxCacRWJ5YElmqUQ,0.0004946832195855677,0.0,0.0,0.0,0.0,0.0,0.0,0.0,0.0
twitter_uBDmalTcYEGIM8Ap0JvXDw,twitter_mlzZw0iYHR9X3Um-lkfK1A,0.004562360234558582,0.0,0.0,0.0,0.0,0.0,0.0,0.0,0.0
twitter_uBDmalTcYEGIM8Ap0JvXDw,twitter_rD1m5it6FkbNJA3tDtrDGA,0.00044318669824860985,0.0,0.0,0.0,0.0,0.0,0.0,0.0,0.0
twitter_uBDmalTcYEGIM8Ap0JvXDw,twitter_rYfYC5fVjAXW0tDvNB7t1Q,0.00101451447699219,0.0,0.0,0.0,0.0,0.0,0.0,0.0,0.0
twitter_uBDmalTcYEGIM8Ap0JvXDw,twitter_xEHHH8r-dicIwU_4t_zlyg,0.001995223807170987,0.0,0.0,0.0,0.0,0.0,0.0,0.0,0.0
twitter_uBDmalTcYEGIM8Ap0JvXDw,twitter_z66VtwJE13KKmco-W8vsYA,0.002065652282908559,0.0,0.0,0.0,0.0,0.0,0.0,0.0,0.0
twitter_uBDmalTcYEGIM8Ap0JvXDw,twitter_zOfdbmzmQ1fYGRWTuAFPZg,0.0010665666777640581,0.0,0.0,0.0,0.0,0.0,0.0,0.0,0.0
twitter_vr3HoBSRVMw83GHY4ird7g,twitter_4UYzH2dOA72aY5tEchbGDg,0.0,0.0001822894118959084,0.0,0.0,0.0,0.0,0.0,0.0,0.0
twitter_vr3HoBSRVMw83GHY4ird7g,twitter_7qJmYk_w55tVVV6A8p5AKA,0.0009664918179623784,0.0,0.0,0.0,0.0,0.0,0.0,0.0,0.0
twitter_vr3HoBSRVMw83GHY4ird7g,twitter_NUKtxXRjdd2KVaOyFea02Q,0.0,0.0008780076168477535,0.0,0.0,0.0,0.0,0.0,0.0,0.0
twitter_vr3HoBSRVMw83GHY4ird7g,twitter_Nvedctg3vU3LHfC_s9W_qQ,0.00032865392859093845,0.0,0.0,0.0,0.0,0.0,0.0,0.0,0.0
twitter_vr3HoBSRVMw83GHY4ird7g,twitter_lKCLHQDoqH5eOYUm8ZbH-Q,0.0010623149573802948,0.0,0.0,0.0,0.0,0.0,0.0,0.0,0.0
twitter_vr3HoBSRVMw83GHY4ird7g,twitter_mlzZw0iYHR9X3Um-lkfK1A,0.004054954741150141,0.0,0.0,0.0,0.0,0.0,0.0,0.0,0.0
twitter_vr3HoBSRVMw83GHY4ird7g,twitter_r5eOB-3g_2NwtsiZv-GwFw,0.0006802768330089747,0.0,0.0,0.0,0.0,0.0,0.0,0.0,0.0
twitter_vr3HoBSRVMw83GHY4ird7g,twitter_tU6NT22sRhjqJbqHRRqMOg,0.0,0.0,0.00021912556258030238,0.0,0.0,0.0,0.0,0.0,0.0
twitter_vr3HoBSRVMw83GHY4ird7g,twitter_ttV2shkYetHFN2npkvnCEw,0.0,0.0,0.00015355416689999402,0.0,0.0,0.0,0.0,0.0,0.0
twitter_vr3HoBSRVMw83GHY4ird7g,twitter_xEHHH8r-dicIwU_4t_zlyg,0.0005294710863381624,0.0,0.0,0.0,0.0,0.0,0.0,0.0,0.0
twitter_vr3HoBSRVMw83GHY4ird7g,twitter_zOfdbmzmQ1fYGRWTuAFPZg,0.00026500344392843544,0.0,0.0,0.0,0.0,0.0,0.0,0.0,0.0
twitter_xEHHH8r-dicIwU_4t_zlyg,twitter_-EeSXHn12H8_5E0QJ8g6Eg,0.0,0.0,0.003019328927621245,0.0,0.0,0.0,0.0,0.0,0.0
twitter_xEHHH8r-dicIwU_4t_zlyg,twitter_4UYzH2dOA72aY5tEchbGDg,0.0,0.0005789632559753954,0.0,0.0,0.0,0.0,0.0,0.0,0.0
twitter_xEHHH8r-dicIwU_4t_zlyg,twitter_7qJmYk_w55tVVV6A8p5AKA,0.0016814405098557472,0.0,0.0,0.0,0.0,0.0,0.0,0.0,0.0
twitter_xEHHH8r-dicIwU_4t_zlyg,twitter_DWKVMGIghRWfeKP3ZDuyOg,0.0,0.0,0.001001846743747592,0.0,0.0,0.0,0.0,0.0,0.0
twitter_xEHHH8r-dicIwU_4t_zlyg,twitter_FQcXC4SaV3eoNkIQDprs8Q,0.0,0.0,0.0019206507131457329,0.0,0.0,0.0,0.0,0.0,0.0
twitter_xEHHH8r-dicIwU_4t_zlyg,twitter_GwskN-wt5eMNE1BMdHx9hg,0.0,0.0,0.0008658613660372794,0.0,0.0,0.0,0.0,0.0,0.0
twitter_xEHHH8r-dicIwU_4t_zlyg,twitter_IdwthJZBvDFusOio9zKh8Q,0.004939796403050423,0.0,0.0,0.0,0.0,0.0,0.0,0.0,0.0
twitter_xEHHH8r-dicIwU_4t_zlyg,twitter_NUKtxXRjdd2KVaOyFea02Q,0.0,0.0026425295509397984,0.0,0.0,0.0,0.0,0.0,0.0,0.0
twitter_xEHHH8r-dicIwU_4t_zlyg,twitter_Nemnkekd9zMvvZoZuJYY2g,0.0,0.0,0.001864659716375172,0.0,0.0,0.0,0.0,0.0,0.0
twitter_xEHHH8r-dicIwU_4t_zlyg,twitter_Nvedctg3vU3LHfC_s9W_qQ,0.00031610613223165285,0.0,0.0,0.0,0.0,0.0,0.0,0.0,0.0
twitter_xEHHH8r-dicIwU_4t_zlyg,twitter_YECpIN6Wf31c9_uuBEfhQA,0.0,0.0,0.0009051957749761641,0.0,0.0,0.0,0.0,0.0,0.0
twitter_xEHHH8r-dicIwU_4t_zlyg,twitter_akvJXN2XTN2LgwQ5dyN8-w,0.0,0.0,0.0009828413603827355,0.0,0.0,0.0,0.0,0.0,0.0
twitter_xEHHH8r-dicIwU_4t_zlyg,twitter_bi-ts9pxCacRWJ5YElmqUQ,0.002937095006927848,0.0,0.0,0.0,0.0,0.0,0.0,0.0,0.0
twitter_xEHHH8r-dicIwU_4t_zlyg,twitter_d0VG42GZkTSx73afRcJvFg,0.0,0.0,0.0033935196697711945,0.0,0.0,0.0,0.0,0.0,0.0
twitter_xEHHH8r-dicIwU_4t_zlyg,twitter_dkmbuDByuv1PyA5ZXoDmRQ,0.00030518067069351673,0.0,0.0,0.0,0.0,0.0,0.0,0.0,0.0
twitter_xEHHH8r-dicIwU_4t_zlyg,twitter_lKCLHQDoqH5eOYUm8ZbH-Q,0.0023871052544564013,0.0,0.0,0.0,0.0,0.0,0.0,0.0,0.0
twitter_xEHHH8r-dicIwU_4t_zlyg,twitter_mlzZw0iYHR9X3Um-lkfK1A,0.0056614563800394535,0.0,0.0,0.0,0.0,0.0,0.0,0.0,0.0
twitter_xEHHH8r-dicIwU_4t_zlyg,twitter_r5eOB-3g_2NwtsiZv-GwFw,0.002079637721180916,0.0,0.0,0.0,0.0,0.0,0.0,0.0,0.0
twitter_xEHHH8r-dicIwU_4t_zlyg,twitter_rD1m5it6FkbNJA3tDtrDGA,0.0002013777557294816,0.0,0.0,0.0,0.0,0.0,0.0,0.0,0.0
twitter_xEHHH8r-dicIwU_4t_zlyg,twitter_rYfYC5fVjAXW0tDvNB7t1Q,0.003151634475216269,0.0,0.0,0.0,0.0,0.0,0.0,0.0,0.0
twitter_xEHHH8r-dicIwU_4t_zlyg,twitter_tU6NT22sRhjqJbqHRRqMOg,0.0,0.0,0.001496382523328066,0.0,0.0,0.0,0.0,0.0,0.0
twitter_xEHHH8r-dicIwU_4t_zlyg,twitter_ttV2shkYetHFN2npkvnCEw,0.0,0.0,0.0020019325893372297,0.0,0.0,0.0,0.0,0.0,0.0
twitter_xEHHH8r-dicIwU_4t_zlyg,twitter_uBDmalTcYEGIM8Ap0JvXDw,0.001686594565398991,0.0,0.0,0.0,0.0,0.0,0.0,0.0,0.0
twitter_xEHHH8r-dicIwU_4t_zlyg,twitter_z66VtwJE13KKmco-W8vsYA,0.007979243993759155,0.0,0.0,0.0,0.0,0.0,0.0,0.0,0.0
twitter_xEHHH8r-dicIwU_4t_zlyg,twitter_zOfdbmzmQ1fYGRWTuAFPZg,0.0002188194921473041,0.0,0.0,0.0,0.0,0.0,0.0,0.0,0.0
twitter_xJv6eMZhEo3QZhhaIc2AoA,twitter_IdwthJZBvDFusOio9zKh8Q,0.0,0.0,0.0,0.0,0.0,0.0,0.0005382025265134871,0.0,0.0
twitter_xJv6eMZhEo3QZhhaIc2AoA,twitter_mlzZw0iYHR9X3Um-lkfK1A,0.0,0.0,0.0,0.0,0.0,0.0,0.0042165531776845455,0.0,0.0
twitter_xJv6eMZhEo3QZhhaIc2AoA,twitter_tU6NT22sRhjqJbqHRRqMOg,0.0,0.0,0.0,0.0,0.0,0.0,0.0,0.0,0.0006434529204852879
twitter_xgF5-25Phx21_DiZDza38A,twitter_IdwthJZBvDFusOio9zKh8Q,0.00024287086853291842,0.0,0.0,0.0,0.0,0.0,0.0,0.0,0.0
twitter_xgF5-25Phx21_DiZDza38A,twitter_NUKtxXRjdd2KVaOyFea02Q,0.0,0.0008369298302568495,0.0,0.0,0.0,0.0,0.0,0.0,0.0
twitter_xgF5-25Phx21_DiZDza38A,twitter_akvJXN2XTN2LgwQ5dyN8-w,0.0,0.0,0.0010445748921483755,0.0,0.0,0.0,0.0,0.0,0.0
twitter_xgF5-25Phx21_DiZDza38A,twitter_r5eOB-3g_2NwtsiZv-GwFw,0.0008338693296536803,0.0,0.0,0.0,0.0,0.0,0.0,0.0,0.0
twitter_xgF5-25Phx21_DiZDza38A,twitter_rD1m5it6FkbNJA3tDtrDGA,0.000949205772485584,0.0,0.0,0.0,0.0,0.0,0.0,0.0,0.0
twitter_xgF5-25Phx21_DiZDza38A,twitter_rYfYC5fVjAXW0tDvNB7t1Q,0.0003937532892450689,0.0,0.0,0.0,0.0,0.0,0.0,0.0,0.0
twitter_xgF5-25Phx21_DiZDza38A,twitter_tU6NT22sRhjqJbqHRRqMOg,0.0,0.0,0.0008590847719460728,0.0,0.0,0.0,0.0,0.0,0.0
twitter_xgF5-25Phx21_DiZDza38A,twitter_ttV2shkYetHFN2npkvnCEw,0.0,0.0,0.00018401192210149017,0.0,0.0,0.0,0.0,0.0,0.0
twitter_xgF5-25Phx21_DiZDza38A,twitter_uBDmalTcYEGIM8Ap0JvXDw,0.0007566605927422643,0.0,0.0,0.0,0.0,0.0,0.0,0.0,0.0
twitter_xgF5-25Phx21_DiZDza38A,twitter_zOfdbmzmQ1fYGRWTuAFPZg,0.0003518727025948465,0.0,0.0,0.0,0.0,0.0,0.0,0.0,0.0
twitter_z66VtwJE13KKmco-W8vsYA,twitter_-EeSXHn12H8_5E0QJ8g6Eg,0.0,0.0,0.0016752815572544932,0.0,0.0,0.0,0.0,0.0,0.0
twitter_z66VtwJE13KKmco-W8vsYA,twitter_4UYzH2dOA72aY5tEchbGDg,0.0,0.002842071931809187,0.0,0.0,0.0,0.0,0.0,0.0,0.0
twitter_z66VtwJE13KKmco-W8vsYA,twitter_7qJmYk_w55tVVV6A8p5AKA,0.002449540421366692,0.0,0.0,0.0,0.0,0.0,0.0,0.0,0.0
twitter_z66VtwJE13KKmco-W8vsYA,twitter_DWKVMGIghRWfeKP3ZDuyOg,0.0,0.0,0.00022502930369228125,0.0,0.0,0.0,0.0,0.0,0.0
twitter_z66VtwJE13KKmco-W8vsYA,twitter_FQcXC4SaV3eoNkIQDprs8Q,0.0,0.0,0.0007809679955244062,0.0,0.0,0.0,0.0,0.0,0.0
twitter_z66VtwJE13KKmco-W8vsYA,twitter_IdwthJZBvDFusOio9zKh8Q,0.00021606778318528091,0.0,0.0,0.0,0.0,0.0,0.0,0.0,0.0
twitter_z66VtwJE13KKmco-W8vsYA,twitter_NUKtxXRjdd2KVaOyFea02Q,0.0,0.005458707921206951,0.0,0.0,0.0,0.0,0.0,0.0,0.0
twitter_z66VtwJE13KKmco-W8vsYA,twitter_akvJXN2XTN2LgwQ5dyN8-w,0.0,0.0,0.0016722680302336812,0.0,0.0,0.0,0.0,0.0,0.0
twitter_z66VtwJE13KKmco-W8vsYA,twitter_d0VG42GZkTSx73afRcJvFg,0.0,0.0,0.00035783270141109824,0.0,0.0,0.0,0.0,0.0,0.0
twitter_z66VtwJE13KKmco-W8vsYA,twitter_lKCLHQDoqH5eOYUm8ZbH-Q,0.0029864355456084013,0.0,0.0,0.0,0.0,0.0,0.0,0.0,0.0
twitter_z66VtwJE13KKmco-W8vsYA,twitter_mlzZw0iYHR9X3Um-lkfK1A,0.0045059979893267155,0.0,0.0,0.0,0.0,0.0,0.0,0.0,0.0
twitter_z66VtwJE13KKmco-W8vsYA,twitter_r5eOB-3g_2NwtsiZv-GwFw,0.001788296736776829,0.0,0.0,0.0,0.0,0.0,0.0,0.0,0.0
twitter_z66VtwJE13KKmco-W8vsYA,twitter_rD1m5it6FkbNJA3tDtrDGA,0.0005829647998325528,0.0,0.0,0.0,0.0,0.0,0.0,0.0,0.0
twitter_z66VtwJE13KKmco-W8vsYA,twitter_rYfYC5fVjAXW0tDvNB7t1Q,0.0011296533048152926,0.0,0.0,0.0,0.0,0.0,0.0,0.0,0.0
twitter_z66VtwJE13KKmco-W8vsYA,twitter_re6YNIMX-kH8x7jFv0coeA,0.0006771588232368232,0.0,0.0,0.0,0.0,0.0,0.0,0.0,0.0
twitter_z66VtwJE13KKmco-W8vsYA,twitter_tU6NT22sRhjqJbqHRRqMOg,0.0,0.0,0.0008238760055974126,0.0,0.0,0.0,0.0,0.0,0.0
twitter_z66VtwJE13KKmco-W8vsYA,twitter_ttV2shkYetHFN2npkvnCEw,0.0,0.0,0.00047068970161490137,0.0,0.0,0.0,0.0,0.0,0.0
twitter_z66VtwJE13KKmco-W8vsYA,twitter_xEHHH8r-dicIwU_4t_zlyg,0.006427568849176168,0.0,0.0,0.0,0.0,0.0,0.0,0.0,0.0
twitter_z66VtwJE13KKmco-W8vsYA,twitter_zOfdbmzmQ1fYGRWTuAFPZg,0.00491120433434844,0.0,0.0,0.0,0.0,0.0,0.0,0.0,0.0
twitter_zOfdbmzmQ1fYGRWTuAFPZg,twitter_-EeSXHn12H8_5E0QJ8g6Eg,0.0,0.0,0.0027183564379811287,0.0,0.0,0.0,0.0,0.0,0.0
twitter_zOfdbmzmQ1fYGRWTuAFPZg,twitter_7qJmYk_w55tVVV6A8p5AKA,0.0019192304462194445,0.0,0.0,0.0,0.0,0.0,0.0,0.0,0.0
twitter_zOfdbmzmQ1fYGRWTuAFPZg,twitter_FQcXC4SaV3eoNkIQDprs8Q,0.0,0.0,0.001349949394352734,0.0,0.0,0.0,0.0,0.0,0.0
twitter_zOfdbmzmQ1fYGRWTuAFPZg,twitter_GwskN-wt5eMNE1BMdHx9hg,0.0,0.0,0.0008528469479642807,0.0,0.0,0.0,0.0,0.0,0.0
twitter_zOfdbmzmQ1fYGRWTuAFPZg,twitter_IdwthJZBvDFusOio9zKh8Q,0.005027962848544121,0.0,0.0,0.0,0.0,0.0,0.0,0.0,0.0
twitter_zOfdbmzmQ1fYGRWTuAFPZg,twitter_NUKtxXRjdd2KVaOyFea02Q,0.0,0.0061814049258828154,0.0,0.0,0.0,0.0,0.0,0.0,0.0
twitter_zOfdbmzmQ1fYGRWTuAFPZg,twitter_Nemnkekd9zMvvZoZuJYY2g,0.0,0.0,0.0018025011522695427,0.0,0.0,0.0,0.0,0.0,0.0
twitter_zOfdbmzmQ1fYGRWTuAFPZg,twitter_Nvedctg3vU3LHfC_s9W_qQ,0.001506351283751428,0.0,0.0,0.0,0.0,0.0,0.0,0.0,0.0
twitter_zOfdbmzmQ1fYGRWTuAFPZg,twitter_YECpIN6Wf31c9_uuBEfhQA,0.0,0.0,0.0010942129883915186,0.0,0.0,0.0,0.0,0.0,0.0
twitter_zOfdbmzmQ1fYGRWTuAFPZg,twitter_akvJXN2XTN2LgwQ5dyN8-w,0.0,0.0,0.0014689343515783544,0.0,0.0,0.0,0.0,0.0,0.0
twitter_zOfdbmzmQ1fYGRWTuAFPZg,twitter_bi-ts9pxCacRWJ5YElmqUQ,0.0022154946345835924,0.0,0.0,0.0,0.0,0.0,0.0,0.0,0.0
twitter_zOfdbmzmQ1fYGRWTuAFPZg,twitter_d0VG42GZkTSx73afRcJvFg,0.0,0.0,0.002991527784615755,0.0,0.0,0.0,0.0,0.0,0.0
twitter_zOfdbmzmQ1fYGRWTuAFPZg,twitter_kL_r2cBb6xQLM7e0pM48dg,0.0,0.0,0.0012704337714239955,0.0,0.0,0.0,0.0,0.0,0.0
twitter_zOfdbmzmQ1fYGRWTuAFPZg,twitter_lKCLHQDoqH5eOYUm8ZbH-Q,0.0030090147629380226,0.0,0.0,0.0,0.0,0.0,0.0,0.0,0.0
twitter_zOfdbmzmQ1fYGRWTuAFPZg,twitter_mlzZw0iYHR9X3Um-lkfK1A,0.005780624691396953,0.0,0.0,0.0,0.0,0.0,0.0,0.0,0.0
twitter_zOfdbmzmQ1fYGRWTuAFPZg,twitter_r5eOB-3g_2NwtsiZv-GwFw,0.0031918373424559827,0.0,0.0,0.0,0.0,0.0,0.0,0.0,0.0
twitter_zOfdbmzmQ1fYGRWTuAFPZg,twitter_rD1m5it6FkbNJA3tDtrDGA,0.0008285457734018562,0.0,0.0,0.0,0.0,0.0,0.0,0.0,0.0
twitter_zOfdbmzmQ1fYGRWTuAFPZg,twitter_rYfYC5fVjAXW0tDvNB7t1Q,0.002482543000951409,0.0,0.0,0.0,0.0,0.0,0.0,0.0,0.0
twitter_zOfdbmzmQ1fYGRWTuAFPZg,twitter_tU6NT22sRhjqJbqHRRqMOg,0.0,0.0,0.0016677923267707224,0.0,0.0,0.0,0.0,0.0,0.0
twitter_zOfdbmzmQ1fYGRWTuAFPZg,twitter_ttV2shkYetHFN2npkvnCEw,0.0,0.0,0.001604701392352581,0.0,0.0,0.0,0.0,0.0,0.0
twitter_zOfdbmzmQ1fYGRWTuAFPZg,twitter_uBDmalTcYEGIM8Ap0JvXDw,0.0026736254803836346,0.0,0.0,0.0,0.0,0.0,0.0,0.0,0.0
twitter_zOfdbmzmQ1fYGRWTuAFPZg,twitter_xEHHH8r-dicIwU_4t_zlyg,0.010234611108899115,0.0,0.0,0.0,0.0,0.0,0.0,0.0,0.0
twitter_zOfdbmzmQ1fYGRWTuAFPZg,twitter_z66VtwJE13KKmco-W8vsYA,0.00958727952092886,0.0,0.0,0.0,0.0,0.0,0.0,0.0,0.0
